ticker,date,sentiment_score,sentiment_label,content_type,title
AAPL,2026-02-12,0.9261609502136707,positive,news,"LSV Asset Management Buys 233,066 Shares of Skyworks Solutions, Inc. $SWKS"
AAPL,2026-02-12,-0.9446936026215553,negative,news,Apple Inc. $AAPL Shares Sold by Pinnacle Financial Partners Inc
AAPL,2026-02-12,-0.900764737278223,negative,news,Apple Inc. $AAPL Holdings Trimmed by Leavell Investment Management Inc.
AAPL,2026-02-12,0.9344039224088192,positive,news,Rather & Kittrell Inc. Grows Stock Holdings in Apple Inc. $AAPL
AAPL,2026-02-12,0.9386465474963188,positive,news,Apple Inc. $AAPL Shares Acquired by Howland Capital Management LLC
AAPL,2026-02-12,-0.9602079400792718,negative,news,Apple Inc. $AAPL is Fulcrum Capital LLC's 3rd Largest Position
AAPL,2026-02-12,0.937822125852108,positive,news,"First National Advisers LLC Buys 2,906 Shares of Apple Inc. $AAPL"
AAPL,2026-02-12,0.7628581747412682,positive,news,Apple iPhone stands out: only smartphone to grow in China sales this January- Counterpoint
AAPL,2026-02-12,-0.960233242250979,negative,news,Short Interest in GraniteShares 2x Long AAPL Daily ETF (NASDAQ:AAPB) Decreases By 58.7%
AAPL,2026-02-12,-0.32964643836021423,negative,news,"SCS Capital Management Trims Apple Inc Stake by 8,300 Shares"
AAPL,2026-02-12,-0.9545825840905309,negative,news,FMR LLC Reduces Stake in Dimensional Emerging Core Equity Market ETF
AAPL,2026-02-12,0.9352278849110007,positive,news,FMR LLC's Strategic Acquisition of Beam Therapeutics Inc. Shares
AAPL,2026-02-12,0.9370085038244724,positive,news,FMR LLC's Strategic Acquisition of Boeing Co Shares
AAPL,2026-02-12,-0.8231520801782608,negative,news,FMR LLC Reduces Stake in Amdocs Ltd: A Strategic Portfolio Adjus
AAPL,2026-02-12,-0.961165021173656,negative,news,FMR LLC Reduces Stake in Associated Banc-Corp by 21.57%
AAPL,2026-02-12,-0.9317792896181345,negative,news,FMR LLC Reduces Stake in FirstCash Holdings Inc: A Strategic Portfolio Adjustment
AAPL,2026-02-12,0.30458319187164307,positive,news,FMR LLC Reduces Stake in Federal Agricultural Mortgage Corp
AAPL,2026-02-12,0.9042388638481498,positive,news,FMR LLC's Strategic Acquisition of First Solar Inc. Shares
AAPL,2026-02-12,-0.6686283499002457,negative,news,FMR LLC Reduces Stake in FTAI Aviation Ltd: A Strategic Portfoli
AAPL,2026-02-12,0.9054290652275085,positive,news,FMR LLC Increases Stake in Gibraltar Industries Inc.
AAPL,2026-02-12,0.9346447912976146,positive,news,FMR LLC Increases Stake in Coherent Corp with Significant Share Acquisition
AAPL,2026-02-12,0.9343485841527581,positive,news,Wellington Management Group LLP Increases Stake in Customers Ban
AAPL,2026-02-11,0.634279377758503,positive,news,Apple’s Siri Upgrade Potentially Delayed After Testing Issues: Report
AAPL,2026-02-11,-0.9346624035388231,negative,news,"Main Street Research Dumps 15,000 MercadoLibre Shares for $37 Million"
AAPL,2026-02-11,0.9268847443163395,positive,news,A Gold-Rated World Stock ETF
AAPL,2026-02-11,-0.9639760656282306,negative,news,PayPal: What’s next after its Q4 earnings crash and CEO transition? (PYPL:NASDAQ)
AAPL,2026-02-11,0.08845928218215704,neutral,news,Computer History Museum to celebrate Apple’s 50th anniversary with special programming
AAPL,2026-02-11,0.936155834235251,positive,news,Citi Remains Bullish on Seagate Technology Holdings (STX) Amid Stable Demand
AAPL,2026-02-11,-0.930067703127861,negative,news,Apple’s Latest Attempt to Launch the New Siri Runs Into Snags
AAPL,2026-02-11,-0.9578508799895644,negative,news,Odds Trump Is Forced To Refund Tariffs Drop Sharply As Supreme Court Justice Warns Of Legal Complexity
AAPL,2026-02-11,0.8892115829512477,positive,news,Apple Just Paid Investors And This Is AAPL’s Dividend Grade
AAPL,2026-02-11,-0.17985078319907188,neutral,news,10 Information Technology Stocks With Whale Alerts In Today's Session
AAPL,2026-02-11,0.9102309122681618,positive,news,These 3 Companies Shattered Quarterly Records
AAPL,2026-02-11,0.9387885592877865,positive,news,"With Apple Allure Intact, Consider Trading This ETF"
AAPL,2026-02-11,-0.9619552008807659,negative,news,"Bad Bunny’s Apple Music Super Bowl LX Halftime Show sees 39% household viewership drop vs. last year, Samba TV data shows"
AAPL,2026-02-11,0.5166563987731934,positive,news,"Analyzing Apple In Comparison To Competitors In Technology Hardware, Storage & Peripherals Industry"
AAPL,2026-02-11,0.20449297036975622,neutral,news,"IT Leaders Fast-5: Ryan Downing, CIO, Principal Financial Group"
AAPL,2026-02-11,-0.9565207045525312,negative,news,"PayPal Issues Disappointing 2026 Outlook, Citing Competitive Pressures and Macro Headwinds; Investigation Probes Timing of Risk Disclosures"
AAPL,2026-02-11,-0.0186100322753191,neutral,news,Kuzu database company joins Apple’s list of recent acquisitions
AAPL,2026-02-11,0.7904998250305653,positive,news,"VV Handidly Beat the S&P 500, And Only Charges 0.04%"
AAPL,2026-02-11,0.9356877319514751,positive,news,Spotify Technology S.A. (NYSE:SPOT) Q4 2025 Earnings Call Transcript
AAPL,2026-02-11,-0.9407118586823344,negative,news,Apple’s Japan App Store Shift Allows Third-Party Payments Amid Criticism
AAPL,2026-02-11,0.7823129780590534,positive,news,"VeriSign (NASDAQ:VRSN) Upgraded by Zacks Research to ""Hold"" Rating"
AAPL,2026-02-11,0.921017617918551,positive,news,The most unexpected winner of the AI boom? Caterpillar
AAPL,2026-02-11,0.8905979227274656,positive,news,Great Point Wealth Advisors LLC Purchases New Position in Apple Inc. $AAPL
AAPL,2026-02-11,0.2096652276813984,neutral,news,Baron Silver Stevens Financial Advisors LLC Grows Stock Position in Apple Inc. $AAPL
AAPL,2026-02-11,-0.9112631678581238,negative,news,WoodTrust Financial Corp Reduces Stock Holdings in Apple Inc. $AAPL
AAPL,2026-02-11,-0.6132100820541382,negative,news,"Curat Global LLC Has $552,000 Holdings in Apple Inc. $AAPL"
AAPL,2026-02-11,-0.9123768713325262,negative,news,"ASR Vermogensbeheer N.V. Sells 20,770 Shares of Apple Inc. $AAPL"
AAPL,2026-02-11,0.8573661199770868,positive,news,Should BNY Mellon US Large Cap Core Equity ETF (BKLC) Be on Your Investing Radar?
ADBE,2026-02-12,-0.9534077197313309,negative,news,"Stratos Wealth Advisors LLC Sells 7,350 Shares of Adobe Inc. $ADBE"
ADBE,2026-02-12,-0.8425496146082878,negative,news,"Madison Asset Management LLC Sells 31,514 Shares of Adobe Inc. $ADBE"
ADBE,2026-02-12,-0.48652370274066925,negative,news,Cibc World Market Inc. Boosts Stock Position in Adobe Inc. $ADBE
ADBE,2026-02-11,-0.7253968641161919,negative,news,Adobe Fixes 40+ Vulnerabilities Across Its Creative Software Portfolio
ADBE,2026-02-11,-0.9609042294323444,negative,news,Morgan Stanley Exec Warns of ‘SaaSpocalypse’ Hurting M&A
ADBE,2026-02-11,0.9321838086470962,positive,news,Pegasystems: Accelerating ACV and Cloud Growth Underpin Compelling Buy Recommendation
ADBE,2026-02-11,-0.46407169103622437,negative,news,"Oracle, Adobe Face AI Fear Pressure"
ADBE,2026-02-11,0.6533015891909599,positive,news,"Zacks.com featured highlights include Adobe, Goldman Sachs and Entergy"
ADBE,2026-02-11,0.8172067608684301,positive,news,United States Digital Signature Market Set for Robust Growth
ADBE,2026-02-11,0.12231242656707764,neutral,news,Does Mixed Q4 Results And 2026 Guidance Change The Bull Case For Roper Technologies (ROP)?
ADBE,2026-02-11,0.8976206639781594,positive,news,"Zacks.com featured highlights include Adobe, Goldman Sachs and Entergy"
ADBE,2026-02-11,0.299519432708621,neutral,news,"ING Groep NV Acquires 19,033 Shares of Adobe Inc. $ADBE"
ADBE,2026-02-11,-0.9584747012704611,negative,news,"Airgain, Inc.'s (NASDAQ:AIRG) Shares Bounce 36% But Its Business Still Trails The Industry"
ADBE,2026-02-11,-0.8495443584397435,negative,news,"First National Trust Co Sells 6,092 Shares of Adobe Inc. $ADBE"
ADBE,2026-02-11,0.7499660458415747,positive,news,"Zacks.com featured highlights include Adobe, Goldman Sachs and Entergy"
ADBE,2026-02-11,0.6651817858219147,positive,news,Caprock Group LLC Takes Position in Adobe Inc. $ADBE
ADBE,2026-02-11,-0.9219651985913515,negative,news,Rhumbline Advisers Has $286.36 Million Stock Position in Adobe Inc. $ADBE
ADBE,2026-02-11,0.21409185137599707,neutral,news,"FedEx's Raj Subramanian, Adobe's Shantanu Narayen to lead US CEO delegation to India AI Impact Summit | Business News"
ADBE,2026-02-10,0.8365440331399441,positive,news,Renalytix AI: Scaling Commercial Operations Takes Center Stage
ADBE,2026-02-10,-0.6534895747900009,negative,news,Assessing Charles River Laboratories (CRL) Valuation After Recent Share Price Pullback
ADBE,2026-02-10,-0.7250928431749344,negative,news,5 Revealing Analyst Questions From Gartner's Q4 Earnings Call
ADBE,2026-02-10,0.7267022505402565,positive,news,Adobe stock price today: ADBE edges higher as retail cash returns after AI selloff
ADBE,2026-02-10,0.8732033669948578,positive,news,Is It Too Late To Consider Takeda Pharmaceutical (TSE:4502) After Its Strong 1-Year Rally?
ADBE,2026-02-10,0.8145742435008287,positive,news,Discovering 3 Undiscovered Gems in the US Market
ADBE,2026-02-10,0.9102411586791277,positive,news,"Oracle, Adobe in focus as BNP Paribas weighs in on enterprise software sell-off (ORCL:NYSE)"
ADBE,2026-02-10,0.9349331930279732,positive,news,Seadrill (SDRL) Is Up 7.5% After $114M West Saturn Contract Extension What’s Changed
ADBE,2026-02-10,0.8394169742241502,positive,news,"Intuit Mailchimp Unlocks a New Era of Profitable Ecommerce Marketing with Advanced, Data-Driven Capabilities"
ADBE,2026-02-10,-0.8730749823153019,negative,news,IAC (IAC) Valuation Check After 2025 Results And Share Repurchase Completion
ADBE,2026-02-10,-0.9556730333715677,negative,news,Take Care Before Jumping Onto First Advantage Corporation (NASDAQ:FA) Even Though It's 28% Cheaper
ADBE,2026-02-10,0.3278741193935275,neutral,news,Synopsys to showcase AI-driven engineering innovation at India AI Impact Summit 2026
ADBE,2026-02-10,-0.9455051040276885,negative,news,"GUARDCAP ASSET MANAGEMENT Ltd Sells 46,330 Shares of Adobe Inc. $ADBE"
ADBE,2026-02-10,-0.8858494013547897,negative,news,"Johnson Investment Counsel Inc. Sells 12,354 Shares of Adobe Inc. $ADBE"
ADBE,2026-02-10,0.9312697192654014,positive,news,Can Fair Isaac’s (FICO) New AI Partnerships Deepen Its Credit Analytics Moat Or Stretch Its Focus?
ADBE,2026-02-10,-0.7315670251846313,negative,news,"Gartner Research Reveals CFOs’ Budget Plans Prioritize Growth Functions, Technology and AI in 2026"
ADBE,2026-02-10,0.8521209191530943,positive,news,Is Elevated Short Interest in CAVA Group (CAVA) Challenging the Market’s View of Its Fundamentals?
ADBE,2026-02-09,0.925764536485076,positive,news,Adobe And Cognizant Expand AI Partnership To Deepen Enterprise Content Role
ADBE,2026-02-09,-0.9615571768954396,negative,news,Why ServiceNow (NOW) Stock Is Up Today
ADBE,2026-02-09,-0.05011597275733948,neutral,news,"Software Poses ‘All-Time’ Risk to Speculative Credit, Deutsche Bank Warns"
ADBE,2026-02-09,0.9366648234426975,positive,news,Advanced Energy Industries stock hits all-time high at 281.38 USD
ADBE,2026-02-09,-0.788374550640583,negative,news,"TCS, Infosys, HCL Tech, Wipro: Lessons for IT investors from AI’s iPhone"
ADBE,2026-02-09,0.1016928218305111,neutral,news,"3D Modeling Software Market Is Going to Boom | Autodesk, Dassault Systèmes, Trimble, PTC, Adobe"
ADBE,2026-02-09,-0.9061748683452606,negative,news,Wilson Asset Management International PTY Ltd. Cuts Stake in Adobe Inc. $ADBE
ADBE,2026-02-09,-0.9324017763137817,negative,news,ProShare Advisors LLC Has $196.18 Million Stake in Adobe Inc. $ADBE
ADBE,2026-02-09,-0.9569287002086639,negative,news,"Signature Estate & Investment Advisors LLC Sells 165,748 Shares of Adobe Inc. $ADBE"
ADBE,2026-02-09,0.052965253591537476,positive,news,A Look At Pulse Biosciences (PLSE) Valuation After Its Recent Share Price Surge
ADBE,2026-02-08,0.9369943616911769,positive,news,Diamond Hill Capital Management Inc. Has $361.38 Million Stock Holdings in Adobe Inc. $ADBE
ADBE,2026-02-08,-0.9614312900230289,negative,news,Adobe stock (ADBE) slips into the weekend — what traders watch before Monday
ADBE,2026-02-08,-0.9470460023730993,negative,news,LiveRamp’s AI And Usage Pricing Gains Contrast With Weak Share Performance
ADBE,2026-02-07,-0.9122678004205227,negative,news,AI Repricing In Software Puts nCino’s Cloud Banking Story To Test
ADBE,2026-02-07,-0.906887523829937,negative,news,Royal Caribbean Cruises Ltd. $RCL Shares Sold by Renaissance Group LLC
AMZN,2026-02-12,0.9310265798121691,positive,news,"AEP expands spending plan, beats profit estimates as electricity demand surges"
AMZN,2026-02-12,0.9180558789521456,positive,news,"Drake & Associates LLC Makes New $2.41 Million Investment in NiSource, Inc $NI"
AMZN,2026-02-12,0.872043730225414,positive,news,AT&T Inc. (T) Expands Connectivity Ecosystem With Cloud and Satellite Collaborations
AMZN,2026-02-12,0.9357770644128323,positive,news,F5 Incorporated (FFIV) Strongly Positioned With Multi-Cloud Pipeline and Product Refresh
AMZN,2026-02-12,-0.00038123130798339844,negative,news,"Alps Advisors Inc. Has $921,000 Position in NiSource, Inc $NI"
AMZN,2026-02-12,0.9252217439934611,positive,news,JD.com Expands In Europe With JoyExpress To Support Joybuy Growth
AMZN,2026-02-12,-0.9512332724407315,negative,news,STMicroelectronics NV (0INB) Receives a Buy from Kepler Capital
AMZN,2026-02-12,-0.9256620053201914,negative,news,SCS Capital Management Cuts Amazon.com Stake Under Abbiati
AMZN,2026-02-12,0.937081703916192,positive,news,NiSource Shares Rise on Adjusted Earnings Beat and Strategic Data Center Outlook
AMZN,2026-02-12,0.8711941074579954,positive,news,"Amazon, Google And Others Are Pouring $700 Billion Into AI CapEx, Top Analyst Explains Why This Makes It 'Hard' To Bet Against Nvidia - Apple (NASDAQ:AAPL), Amazon.com (NASDAQ:AMZN)"
AMZN,2026-02-12,-0.2468973696231842,negative,news,Capital Research Global Investors Reduces Stake in Wyndham Hotels & Resorts
AMZN,2026-02-12,0.9363793563097715,positive,news,Capital Research Global Investors Expands Stake in CenterPoint E
AMZN,2026-02-12,0.2749826153740287,neutral,news,Innovation district backed by Amazon and SAIC launches in National Landing
AMZN,2026-02-12,-0.21356800198554993,negative,news,"Earnings call transcript: McGraw Hill Q3 2026 sees digital growth, stock dips"
AMZN,2026-02-11,0.9304147148504853,positive,news,NiSource Inc (NI) Q4 2025 Earnings Call Highlights: Strong EPS Growth and Ambitious Investment Plans By GuruFocus
AMZN,2026-02-11,-0.9485625587403774,negative,news,"AI hyperscalers help boost Cisco’s revenue, but its stock sinks on soft guidance"
AMZN,2026-02-11,0.0016729459166526794,neutral,news,"SmartRent to Report Fourth Quarter and Full-Year 2025 Financial Results on March 4, 2026"
AMZN,2026-02-11,0.6130634061992168,positive,news,"Ackman Calls Meta 'One Of The World's Greatest Businesses,' Adds Stock Alongside Amazon, Alphabet"
AMZN,2026-02-11,0.8735473901033401,positive,news,"Amazon reveals new stake in this electric aircraft maker, stock jumps"
AMZN,2026-02-11,0.12967020645737648,neutral,news,My 3 favorite small caps for 2026
AMZN,2026-02-11,0.28106378950178623,neutral,news,LendingTree's new leader aims to build 'Amazon of financial services' in two years
AMZN,2026-02-11,0.9349954081699252,positive,news,Walmart Inc. (WMT) Price Target Increased at Oppenheimer as Firm Eyes Solid Q4
AMZN,2026-02-11,0.9363656789064407,positive,news,Walmart Inc. (WMT) Price Target Increased at Oppenheimer as Firm Eyes Solid Q4
AMZN,2026-02-11,-0.40596169978380203,negative,news,"Saks is Discontinuing its E-commerce Partnership with Amazon.com, Inc. (AMZN)"
AMZN,2026-02-11,0.851873941719532,positive,news,Microsoft Corporation (MSFT) Forecasts 37%-38% Azure Growth as Investors Question Heavy Outlays
AMZN,2026-02-11,0.9339131284505129,positive,news,Strengthening Fundamentals in Mechanical and Electrical Contracting Industry Drive Analyst Sentiment on EMCOR Group (EME)
AMZN,2026-02-11,0.9361002873629332,positive,news,Noble Corporation (NE) Price Target Raised by $7
AMZN,2026-02-11,-0.9511374933645129,negative,news,"Saks is Discontinuing its E-commerce Partnership with Amazon.com, Inc. (AMZN)"
AMZN,2026-02-11,0.7091112732887268,positive,news,Is B2Gold Corp. (BTG) One of the Most Undervalued Gold Stocks to Buy According to Analysts?
AMZN,2026-02-11,0.9210396641865373,positive,news,Europe spending on sovereign cloud infrastructure to triple from 2025-2027 - Gartner
AMZN,2026-02-11,0.8971995441243052,positive,news,AT&T Inc. (T) Expands Connectivity Ecosystem With Cloud and Satellite Collaborations
AMZN,2026-02-11,0.38217514753341675,positive,news,"Amazon Bets Big on AI With $200B Capex: Buy, Sell or Hold the Stock?"
AMZN,2026-02-11,0.026126929558813572,neutral,news,Form FWP BANK OF NOVA SCOTIA Filed by: BANK OF NOVA SCOTIA
AMZN,2026-02-11,-0.9364397283643484,negative,news,Pershing Square Sells Stake in Canadian Pacific Kansas City (CP)
AMZN,2026-02-11,0.934376573190093,positive,news,Edison international stock hits 52-week high at 66.73 USD
AMZN,2026-02-11,0.5839228481054306,positive,news,"I Have “Total Faith” In Amazon.com (AMZN) CEO, Says Jim Cramer"
AMZN,2026-02-11,0.9350021369755268,positive,news,Philip Morris stock hits all-time high at 186.7 USD
AMZN,2026-02-11,0.9346874579787254,positive,news,Costco Wholesale stock price today: COST edges higher after Evercore target raise
BAC,2026-02-12,0.9201913829892874,positive,news,"3,379 Shares in JPMorgan Chase & Co. $JPM Acquired by Truxt Investmentos Ltda."
BAC,2026-02-12,-0.9447829145938158,negative,news,Bank of America Corporation $BAC Shares Sold by Sound Shore Management Inc CT
BAC,2026-02-12,0.7373481905087829,positive,news,US Bancorp’s Digital Pivot: How a Century-Old Bank Is Rebuilding Itself as a Platform
BAC,2026-02-12,0.2819535434246063,positive,news,Greenlight Capital Re (NASDAQ:GLRE) Share Price Crosses Above 200 Day Moving Average - Time to Sell?
BAC,2026-02-12,0.8717461014166474,positive,news,Brown & Brown taps $1.5B buyback plan with $250M deal
BAC,2026-02-12,0.9380827210843563,positive,news,"Lamb Weston (NYSE:LW) Given Consensus Rating of ""Hold"" by Brokerages"
BAC,2026-02-12,-0.9434488043189049,negative,news,Illinois Municipal Retirement Fund Reduces Stock Position in Bank of America Corporation $BAC
BAC,2026-02-12,-0.6333349198102951,negative,news,"Illinois Municipal Retirement Fund Decreases Stake in NetApp, Inc. $NTAP"
BAC,2026-02-12,0.8539833892136812,positive,news,"Grocery Outlet Holding Corp. (NASDAQ:GO) Receives Average Rating of ""Hold"" from Brokerages"
BAC,2026-02-12,0.1555984579026699,neutral,news,"Caprock Group LLC Makes New $5.57 Million Investment in United Rentals, Inc. $URI"
BAC,2026-02-12,-0.9592634234577417,negative,news,Intercontinental Exchange's Q4 Earnings Call: Our Top 5 Analyst Questions
BAC,2026-02-12,-0.9246274959295988,negative,news,"Atria Investments Inc Sells 33,636 Shares of Bank of America Corporation $BAC"
BAC,2026-02-12,0.45792422723025084,neutral,news,Jacksonville now Intercontinental Exchange’s largest office
BAC,2026-02-12,-0.8971432782709599,negative,news,Barrick Gold’s Stock Tests Investor Patience As Gold Stays Near Record Levels
BAC,2026-02-12,0.06919937487691641,neutral,news,NETSTREIT Corp. Announces Pricing of Upsized Forward Common Stock Offering
BAC,2026-02-12,-0.7076118513941765,negative,news,Bank of America Slightly Lowers its Price Target on Newmont Corporation (NEM) to $134 While Maintaining a Buy Rating
BAC,2026-02-12,-0.12415120005607605,neutral,news,The Emerging Intersection of Export Controls and Financial Crime Compliance
BAC,2026-02-12,-0.3194175362586975,negative,news,Bank of America Slightly Lowers its Price Target on Newmont Corporation (NEM) to $134 While Maintaining a Buy Rating
BAC,2026-02-12,-0.15889888256788254,neutral,news,US judge says Bank of America's alleged 'reckless disregard' supports Epstein lawsuit
BAC,2026-02-12,-0.9097047280520201,negative,news,"F5 (NASDAQ:FFIV) EVP Sells $360,981.04 in Stock"
BAC,2026-02-11,0.9141244282945991,positive,news,Esab stock hits all-time high at 136.24 USD By Investing.com
BAC,2026-02-11,0.9398245746269822,positive,news,James Hardie (JHX) Q3 2026 Earnings Transcript
BAC,2026-02-11,0.3675049487501383,neutral,news,"Jefferies (NYSE: JEF) outlines 2025 performance, SMBC alliance and key 2026 proxy votes"
BAC,2026-02-11,-0.804079607129097,negative,news,Tamboran Resources (NYSE:TBN) Issues Quarterly Earnings Results
BAC,2026-02-11,0.7882093619555235,positive,news,Microchip Technology Signs Multiple Material Agreements
BAC,2026-02-11,0.9263943685218692,positive,news,Evergy Signs Term Loan Credit Agreement With Wells Fargo Bank
BAC,2026-02-11,0.9368082601577044,positive,news,Dycom Industries stock hits all-time high at 423.0 USD
BAC,2026-02-11,0.9337203893810511,positive,news,FedEx price target raised by Bank of America on InPost deal
BAC,2026-02-11,0.9223167765885592,positive,news,Jefferies Financial Group Forecasts Strong Price Appreciation for Bank of Nova Scotia (TSE:BNS) Stock
BAC,2026-02-11,0.9287792704999447,positive,news,Canadian Imperial Bank of Commerce (TSE:CM) Price Target Raised to C$127.00
BAC,2026-02-11,0.9377603996545076,positive,news,BofA remains bullish on McKesson (MCK) following strong third quarter performance
BAC,2026-02-11,-0.8117897063493729,negative,news,Toronto-Dominion Bank (TSE:TD) Price Target Cut to C$128.00 by Analysts at Jefferies Financial Group
BAC,2026-02-11,0.5575759364292026,positive,news,"Brown & Brown, Inc. announces entry into accelerated share repurchase program"
BAC,2026-02-11,0.5405200570821762,positive,news,Does Royal Bank of Canada (TSX:RY) Still Offer Value After Strong Multi‑Year Share Gains
BAC,2026-02-11,0.8798255017027259,positive,news,Truist Financial at Bank of America Conference: Strategic Growth Focus
BAC,2026-02-11,0.8518021777272224,positive,news,TreeHouse Foods Signs Multiple Material Agreements
BAC,2026-02-11,0.9091053362935781,positive,news,"Ahern Patrick, Associated Banc-Corp exec VP, sells $427k in ASB stock"
BAC,2026-02-11,-0.8901699762791395,negative,news,"Citi incoming CFO says credit-card rate cap would hurt retail, travel, hospitality"
BAC,2026-02-11,-0.46527089178562164,negative,news,Bank of America CEO drops surprising view on the economy
BAC,2026-02-11,0.9195980401709676,positive,news,Fund Update: New $65.7M $FER stock position opened by ING GROEP NV
BAC,2026-02-11,-0.4044558256864548,negative,news,Assessing Bank of Montreal (TSX:BMO) Valuation After Analyst Upgrades And Corporate Banking Leadership Changes
BAC,2026-02-11,0.36298113130033016,neutral,news,Saltchuk to acquire Great Lakes Dredge & Dock
BAC,2026-02-11,-0.38607242703437805,negative,news,Suzano S.A. (ADR): Brazil’s Pulp Giant Tests Investor Nerves As The Rally Pauses
BAC,2026-02-11,-0.7001013159751892,negative,news,"Citi incoming CFO says credit-card rate cap would hurt retail, travel, hospitality"
BAC,2026-02-11,0.7105104941874743,positive,news,First Horizon at Bank of America Conference: Strategic Growth Focus
BAC,2026-02-11,0.14102607779204845,neutral,news,First Horizon Appoints Leilani Farol as Chief Information Security Officer
BAC,2026-02-11,0.4774390906095505,positive,news,Bank of America CEO drops surprising view on the economy
BAC,2026-02-11,0.2942562308162451,neutral,news,Regions Bank Names Kafi Slaughter as Private Wealth Leader Serving Key Texas Markets – Company Announcement
BAC,2026-02-11,0.3327535465359688,neutral,news,TD Bank’s ‘More Human’ Rebrand Tests Trust Rebuild And Valuation
BAC,2026-02-11,0.5684141647070646,positive,news,Seaview Investment Managers LLC Buys New Shares in Bank of America Corporation $BAC
COF,2026-02-12,0.08953859563916922,neutral,news,Krilogy Financial LLC Makes New Investment in American Express Company $AXP
COF,2026-02-11,-0.5429492741823196,negative,news,The Great Integration: Why 2026 is the Year of the Bank-Fintech Fire Sale
COF,2026-02-11,0.9354914408177137,positive,news,Raymond James Financial Forecasts Strong Price Appreciation for ConocoPhillips (NYSE:COP) Stock
COF,2026-02-11,0.5380629105493426,positive,news,"Valley Bank Strengthens Leadership Team to Accelerate Partner Banking, Digital Innovation, and Customer Care"
COF,2026-02-11,0.9058381337672472,positive,news,Capital One Crowns Credit Kingdom: $5.15 Billion Brex Deal Seals Status as America’s Largest Card Issuer
COF,2026-02-11,0.3284105835482478,neutral,news,Does Synchrony (SYF) Monthly Credit Updates Deepen Investor Trust in Its Risk Profile Story?
COF,2026-02-11,-0.9444540645927191,negative,news,ABC Arbitrage SA Makes New $1.35 Million Investment in Capital One Financial Corporation $COF
COF,2026-02-10,0.9114768747240305,positive,news,Capital One at UBS Conference: Strategic Moves and Challenges
COF,2026-02-10,0.0709965554997325,neutral,news,How to Get a Business Class Upgrade on Turkish Airlines
COF,2026-02-10,-0.967168103903532,negative,news,Incyte Corp. (NASDAQ:INCY) Reports Mixed Q4 2025 Results with Revenue Beat and EPS Miss
COF,2026-02-10,0.9283311832696199,positive,news,Allianz Asset Management GmbH Boosts Stock Holdings in Ladder Capital Corp $LADR
COF,2026-02-10,-0.12038978934288025,negative,news,"Compagnie Lombard Odier SCmA Sells 155,526 Shares of UBS Group AG $UBS"
COF,2026-02-09,0.7489391332492232,positive,news,"Bell Bank, Provident Bank hone AI strategies"
COF,2026-02-09,0.9257200937718153,positive,news,Capital One approves $40M pay package for CEO Richard Fairbank
COF,2026-02-09,-0.016015972942113876,neutral,news,Form 424B2 UBS AG
COF,2026-02-09,0.9192772470414639,positive,news,Capital One pays CEO Fairbank $40M for 2025
COF,2026-02-09,-0.9408900048583746,negative,news,"New York Life Investment Management LLC Sells 3,558 Shares of American Express Company $AXP"
COF,2026-02-08,0.9246185682713985,positive,news,Analysts Reiterate Buy Rating For Capital One Financial (COF) Despite Disappointing Earnings
COF,2026-02-07,-0.28666965663433075,negative,news,A Look At Bread Financial Holdings (BFH) Valuation After Strong 2025 Earnings Update
COF,2026-02-07,0.3221698496490717,neutral,news,10 Best Financial Stocks to Buy for the Long Term
COF,2026-02-07,-0.9281129576265812,negative,news,State of Michigan Retirement System Lowers Stock Holdings in American Express Company $AXP
COF,2026-02-07,-0.9452983997762203,negative,news,"Jim Cramer Says “I Don’t Want to Own Synchrony, I Want to Own Capital One”"
COF,2026-02-07,-0.8599577378481627,negative,news,"Jim Cramer Says ""I Don't Want to Own Synchrony, I Want to Own Capital One"""
COF,2026-02-07,0.5292309075593948,positive,news,"Jim Cramer Says “I Don’t Want to Own Synchrony, I Want to Own Capital One”"
COF,2026-02-07,-0.013313200324773788,neutral,news,Best savings account bonuses for February 2026 (and how to decide which is best for you)
COF,2026-02-07,0.9277628874406219,positive,news,The Bull Case For American Express (AXP) Could Change Following Dividend Hike And $3.5B Debt Raise
COF,2026-02-06,0.22715347073972225,neutral,news,Capital One approves 2026 executive compensation plans and updates severance policies
COF,2026-02-06,-0.7885158807039261,negative,news,"Keefe, Bruyette & Woods Cuts Golub Capital BDC (NASDAQ:GBDC) Price Target to $14.00"
COF,2026-02-06,-0.9601662121713161,negative,news,"IQ EQ FUND MANAGEMENT IRELAND Ltd Sells 7,551 Shares of American Express Company $AXP"
COF,2026-02-06,-0.7044519633054733,negative,news,Synchrony Financial Balances Mixed Q4 Results With Capital Returns Focus
COF,2026-02-06,-0.8417999893426895,negative,news,A Look At Capital One Financial (COF) Valuation After Recent Share Price Swings
COF,2026-02-06,-0.9353328123688698,negative,news,Synchrony Financial Balances Mixed Q4 Results With Capital Returns Focus
COF,2026-02-06,0.4266054928302765,positive,news,Synchrony Financial Balances Mixed Q4 Results With Capital Returns Focus
COF,2026-02-06,0.931051486171782,positive,news,Inside Bank of America’s plan for credit card growth
COF,2026-02-05,0.9381912378594279,positive,news,Capital One boosts call center results with AI
COF,2026-02-05,-0.10196739435195923,negative,news,American Express Expands UK Small Business Financing As Shares Lag Targets
COF,2026-02-05,0.3574700355529785,positive,news,A Look At Capital One Financial (COF) Valuation After Recent Share Price Swings
COF,2026-02-05,0.9165924973785877,positive,news,"Jefferies Financial Group Inc. (NYSE:JEF) Given Consensus Recommendation of ""Moderate Buy"" by Analysts"
COF,2026-02-05,0.9083761610090733,positive,news,Envestnet Asset Management Inc. Increases Stock Position in Capital One Financial Corporation $COF
COF,2026-02-05,0.07089604623615742,neutral,news,Capital One’s Karam sells $460k in stock
COF,2026-02-04,-0.7833287343382835,negative,news,Anywhere CEO Ryan Schneider Out After 8 Years
COF,2026-02-04,-0.7323678694665432,negative,news,"USAA, Regions Bank end court battle over technologies for depositing checks"
COF,2026-02-04,0.9392180126160383,positive,news,Capital One Financial Corp. (COF) Surged Following Strong Results
COF,2026-02-04,0.9325679941102862,positive,news,Robert W. Baird Keeps Their Buy Rating on Capital One Financial (COF)
COF,2026-02-04,0.9312351085245609,positive,news,Jones Financial Companies Lllp Increases Stake in Capital One Financial Corporation $COF
COF,2026-02-04,-0.9622745858505368,negative,news,Peregrine Asset Advisers Inc. Has $7.88 Million Stock Position in Capital One Financial Corporation $COF
COF,2026-02-03,0.6265355860814452,positive,news,Beyond HODL: Why the Capital One-Brex Deal Validates Black Titan’s DAT+ Vision
COF,2026-02-03,0.061717805452644825,neutral,news,"ARKO Corp. Announces Launch of Initial Public Offering of its Subsidiary, ARKO Petroleum Corp., Seeking to Raise Approximately $200,000,000"
COF,2026-02-03,0.04166992474347353,neutral,news,ARKO Corp. subsidiary launches IPO roadshow to raise $200 million By Investing.com
DHR,2026-02-12,-0.18605279922485352,negative,news,Wealthfront Advisers LLC Has $8.10 Million Stock Holdings in Danaher Corporation $DHR
DHR,2026-02-12,-0.7989534065127373,negative,news,There May Be Some Bright Spots In Bio-Techne's (NASDAQ:TECH) Earnings
DHR,2026-02-12,-0.5158291757106781,negative,news,RFG Advisory LLC Has $1.20 Million Stake in Danaher Corporation $DHR
DHR,2026-02-12,0.9396179784089327,positive,news,Danaher's Upbeat Outlook Bolsters Investor Confidence
DHR,2026-02-11,0.7266554054804146,positive,news,This Diagnostic Company Is Rapidly Expanding in Emerging Markets: What to Know
DHR,2026-02-11,-0.06044340133666992,negative,news,Water Powerhouse at a Crossroads: A Deep Dive into Xylem Inc (XYL) in 2026
DHR,2026-02-11,-0.5376734584569931,negative,news,Water Powerhouse at a Crossroads: A Deep Dive into Xylem Inc (XYL) in 2026
DHR,2026-02-11,-0.9310883972793818,negative,news,Madison Asset Management LLC Lowers Holdings in Danaher Corporation $DHR
DHR,2026-02-11,0.9334205761551857,positive,news,"ING Groep NV Buys 206,976 Shares of Danaher Corporation $DHR"
DHR,2026-02-11,-0.8980371877551079,negative,news,Impax Asset Management Group plc Reduces Holdings in Danaher Corporation $DHR
DHR,2026-02-11,-0.5601956248283386,negative,news,Danaher Corporation $DHR Shares Sold by First National Trust Co
DHR,2026-02-11,0.9368059076368809,positive,news,Do Wall Street Analysts Like Danaher Stock?
DHR,2026-02-11,0.0035078711807727814,neutral,news,The Technical Signals Behind (DHR) That Institutions Follow
DHR,2026-02-11,-0.7181787490844727,negative,news,5 Insightful Analyst Questions From Veralto's Q4 Earnings Call
DHR,2026-02-10,-0.9138043317943811,negative,news,Danaher announces retirement of board member Jessica L. Mega By Investing.com
DHR,2026-02-10,-0.9255946790799499,negative,news,Danaher announces retirement of board member Jessica L. Mega
DHR,2026-02-10,-0.9109236057847738,negative,news,Danaher Announces Retirement of Board Member Jessica Mega
DHR,2026-02-10,-0.9553898591548204,negative,news,Thermo Fisher Scientific stock slides as $3.8 billion bond deal lands — what to watch next
DHR,2026-02-10,0.3057337310165167,neutral,news,Molecular Devices and Automata partner to connect lab instruments end-to-end
DHR,2026-02-10,0.9016913981176913,positive,news,"Automata raises $45M to scale lab automation platform, adds Danaher as strategic investor"
DHR,2026-02-10,0.9290960188955069,positive,news,Becton Dickinson Refocuses On Medtech After Waters Spin Off And Buyback
DHR,2026-02-10,0.8688839832320809,positive,news,Revvity Expands Automation Platforms At SLAS2026 As Investors Weigh Long Term Upside
DHR,2026-02-10,-0.8881001062691212,negative,news,"Federated Hermes Inc. Has $195,000 Stake in Fortive Corporation $FTV"
DHR,2026-02-10,-0.8858030438423157,negative,news,Applied Finance Capital Management LLC Reduces Stock Position in Danaher Corporation $DHR
DHR,2026-02-10,0.921510967426002,positive,news,Johnson Investment Counsel Inc. Grows Holdings in Danaher Corporation $DHR
DHR,2026-02-10,-0.9337842464447021,negative,news,Danaher Corporation $DHR Holdings Trimmed by Foresight Group Ltd Liability Partnership
DHR,2026-02-09,0.1787442099303007,neutral,news,"Waters closes deal for BD biosciences/diagnostics assets, reorganizes into four divisions"
DHR,2026-02-09,0.887725374661386,positive,news,"SCIEX announces Echo® MS+ system integration with ZenoTOF 8600 system, delivering enhanced sensitivity for high-throughput screening"
DHR,2026-02-09,0.8733993847854435,positive,news,"SCIEX announces Echo® MS+ system integration with ZenoTOF 8600 system, delivering enhanced sensitivity for high-throughput screening"
DHR,2026-02-09,0.5577609445899725,positive,news,"Exosomes Market to See Thriving Worldwide | Thermo Fisher Scientific, Inc., Bio-Techne"
DHR,2026-02-09,0.936001118272543,positive,news,Danaher’s Upbeat Forecast Signals a Return to Form
DHR,2026-02-09,0.9329238422214985,positive,news,Danaher’s Upbeat Forecast Signals a Return to Form
DHR,2026-02-09,0.8531911037862301,positive,news,AMETEK Inc.: The Quiet Powerhouse Engineering the Industrial Future
DHR,2026-02-09,0.5455120084807277,positive,news,AMETEK Inc.: The Quiet Powerhouse Engineering the Industrial Future
DHR,2026-02-08,0.16606548428535461,positive,news,Thrivent Financial for Lutherans Trims Stock Position in Fortive Corporation $FTV
DHR,2026-02-07,0.0039324890822172165,neutral,news,"DHR SEC Filings - Danaher Corporation 10-K, 10-Q, 8-K Forms"
DHR,2026-02-07,-0.8360892608761787,negative,news,Taking A Fresh Look At Thermo Fisher Scientific (TMO) Valuation After Recent Share Price Weakness
DHR,2026-02-07,0.1679340898990631,positive,news,"BI Asset Management Fondsmaeglerselskab A S Sells 8,334 Shares of Danaher Corporation $DHR"
DHR,2026-02-07,0.800316259264946,positive,news,Do Danaher’s Bioprocessing Gains and Buybacks Reveal a Sharper Strategic Focus for DHR?
DHR,2026-02-07,-0.7805450260639191,negative,news,Do Danaher’s Bioprocessing Gains and Buybacks Reveal a Sharper Strategic Focus for DHR?
DHR,2026-02-06,0.922491000033915,positive,news,M.D. Sass LLC Has $72.44 Million Position in Danaher Corporation $DHR
DHR,2026-02-06,0.9309789398685098,positive,news,"Envestnet Asset Management Inc. Buys 23,690 Shares of Danaher Corporation $DHR"
DHR,2026-02-05,-0.8398575261235237,negative,news,Is Danaher (DHR) Fairly Priced After Recent Share Price Weakness?
DHR,2026-02-05,-0.9197138920426369,negative,news,Assessing Bio-Techne (TECH) Valuation After Earnings Beat And New Research Product Launches
DHR,2026-02-05,0.9088888168334961,positive,news,The Evolution of a Compounder: A Deep-Dive Into Fortive Corp (FTV)
DHR,2026-02-05,0.7167223617434502,positive,news,"Cold Chain, High Stakes: A Deep Dive into Azenta’s (AZTA) Life Sciences Transformation"
DHR,2026-02-05,0.9350501066073775,positive,news,Bessemer Group Inc. Raises Position in Danaher Corporation $DHR
DHR,2026-02-05,0.8773363293148577,positive,news,ABN AMRO Bank N.V. Makes New $7.27 Million Investment in Danaher Corporation $DHR
DHR,2026-02-04,0.9142888011410832,positive,news,Danaher Corporation (DHR): A Bull Case Theory
MMM,2026-02-12,-0.8867634758353233,negative,news,ING Groep NV Trims Stock Position in Corning Incorporated $GLW
MMM,2026-02-12,-0.9364988775923848,negative,news,Rhumbline Advisers Reduces Holdings in 3M Company $MMM
MMM,2026-02-12,0.14808928780257702,neutral,news,Madison Asset Management LLC Invests $1.53 Million in Sysco Corporation $SYY
MMM,2026-02-12,0.09758880082517862,neutral,news,Key Players in the Transformer Monitoring Market- Hitachi
MMM,2026-02-12,-0.9570051711052656,negative,news,ZoomInfo Technologies Stock Under Pressure in February: Here’s the Path to $12 by Year-End
MMM,2026-02-11,-0.896425623446703,negative,news,"Stellantis issues 'Do Not Drive' alert for 225,000 older US vehicles"
MMM,2026-02-11,-0.577243909239769,negative,news,3M stock hits 52-week high at 174.93 USD
MMM,2026-02-11,0.9238929785788059,positive,news,3M stock hits 52-week high at 174.93 USD By Investing.com
MMM,2026-02-11,-0.9593455698341131,negative,news,3M stock hits 52-week high at 174.93 USD By Investing.com
MMM,2026-02-11,0.9314655791968107,positive,news,"Wealthfront Advisers LLC Buys 2,425 Shares of Northrop Grumman Corporation $NOC"
MMM,2026-02-11,-0.9563829228281975,negative,news,Employment Weakness is Driving the Mood - Raymond James - Commentaries
MMM,2026-02-11,0.9361844314262271,positive,news,"Rockland Trust Co. Invests $1.71 Million in Motorola Solutions, Inc. $MSI"
MMM,2026-02-11,0.8374902149662375,positive,news,Protective Footwear Market size to hit $8.8 Billion by 2035 | Top
MMM,2026-02-11,0.28696181904524565,neutral,news,Flame Resistant Clothing Market Is Going to Boom | DuPont de
MMM,2026-02-11,-0.12130141258239746,negative,news,"Thrivent Financial for Lutherans Sells 17,911 Shares of Hubbell Inc $HUBB"
MMM,2026-02-11,0.9408365786075592,positive,news,STERIS Restructuring And Deals Test Earnings Strength And Dividend Resolve
MMM,2026-02-11,-0.9616197850555182,negative,news,Advisors Asset Management Inc. Reduces Holdings in Corning Incorporated $GLW
MMM,2026-02-11,-0.9559664893895388,negative,news,"With Becton Dickinson Stock Sliding, Have You Assessed The Risk?"
MMM,2026-02-10,-0.7665402367711067,negative,news,Vontier (VNT) To Report Earnings Tomorrow: Here Is What To Expect
MMM,2026-02-10,0.9368828572332859,positive,news,3 Reasons We're Fans of Chart (GTLS)
MMM,2026-02-10,0.8418064331635833,positive,news,"Envestnet Asset Management Inc. Has $54.73 Million Stock Holdings in Live Nation Entertainment, Inc. $LYV"
MMM,2026-02-10,0.01734451949596405,neutral,news,3M Co Executive Engages in Significant Stock Transactions
MMM,2026-02-10,-0.8703305404633284,negative,news,Insurers Lose Bid for Updated Settlement Data in 3M Earplug Case
MMM,2026-02-10,0.7619441812857985,positive,news,Accelerating innovation in 2026: turning digital potential into physical reality across industries
MMM,2026-02-10,0.930065305903554,positive,news,Mimaki secures 3M MCS approval
MMM,2026-02-10,0.4889047993347049,positive,news,How 3M AI Tools Accelerate How Ideas Become Products
MMM,2026-02-10,0.6444551600143313,positive,news,Allianz Asset Management GmbH Acquires New Position in Sirius XM Holdings Inc. $SIRI
MMM,2026-02-10,0.9343232782557607,positive,news,"Principal Financial Group Inc. Purchases 50,189 Shares of Hasbro, Inc. $HAS"
MMM,2026-02-10,0.9346662703901529,positive,news,Applied Finance Capital Management LLC Increases Holdings in LKQ Corporation $LKQ
MMM,2026-02-10,-0.8855854831635952,negative,news,"Applied Finance Capital Management LLC Sells 20,747 Shares of Quanta Services, Inc. $PWR"
MMM,2026-02-10,-0.7601864859461784,negative,news,"S&CO Inc. Sells 6,465 Shares of 3M Company $MMM"
MMM,2026-02-10,-0.9425439350306988,negative,news,State of Michigan Retirement System Has $6.04 Million Position in Biogen Inc. $BIIB
MMM,2026-02-09,-0.6399707943201065,negative,news,"Robert Mailloux Sells 5,274 Shares of Honeywell International (NASDAQ:HON) Stock"
MMM,2026-02-09,0.9403160382062197,positive,news,Credo Technology’s AI Advancement Strengthens Market Position
MMM,2026-02-09,0.9327632579952478,positive,news,RBC Bearings Reports 17% Jump in Quarterly Sales
MMM,2026-02-09,0.9356058808043599,positive,news,"Credo Technology Unveils Blue Heron AI Retimer, Stock Movement Expected"
MMM,2026-02-09,-0.2815763056278229,negative,news,Florida city getting millions in settlement of lawsuit against DuPont
MMM,2026-02-09,0.9325716504827142,positive,news,Profund Advisors LLC Boosts Stock Position in Franco-Nevada Corporation $FNV
MMM,2026-02-09,0.923224669881165,positive,news,"Herbalife Ltd (NYSE:HLF) Given Average Recommendation of ""Moderate Buy"" by Analysts"
MMM,2026-02-09,-0.7816200405359268,negative,news,"Allianz Asset Management GmbH Acquires 215,103 Shares of Navient Corporation $NAVI"
MMM,2026-02-09,0.4393498823046684,positive,news,Do You Believe in the Long-Term Growth Potential of Align Technology (ALGN)?
MMM,2026-02-09,-0.9541777558624744,negative,news,The Daily Chase: Newmont Wants Barrick to Fix Operations Before IPO
MMM,2026-02-09,0.9400996938347816,positive,news,Surging Silver Prices Propel First Majestic Silver's Growth
MMM,2026-02-08,0.9358911011368036,positive,news,"Mizuho Upgrades Solventum (SOLV), Cites Optimistic Dental Outlook, Acera Acquisition"
MMM,2026-02-08,0.9363306220620871,positive,news,"German American Bancorp Inc. Buys 6,813 Shares of RTX Corporation $RTX"
MMM,2026-02-08,-0.421791210770607,negative,news,"Canada Post Corp Registered Pension Plan Acquires 64,127 Shares of Comcast Corporation $CMCSA"
MMM,2026-02-08,0.9280484179034829,positive,news,"Columbia Sportswear Company (NASDAQ:COLM) Given Average Recommendation of ""Hold"" by Brokerages"
CHTR,2026-02-11,0.9286615578457713,positive,news,AMC Networks Inc. Reports Fourth Quarter and Full Year 2025 Results
CHTR,2026-02-11,0.931445880793035,positive,news,AMC Networks Inc. Reports Fourth Quarter and Full Year 2025 Results
CHTR,2026-02-11,0.4237755537033081,positive,news,Eaton (NYSE:ETN) Reaches New 52-Week High - Here's What Happened
CHTR,2026-02-11,0.9363392349332571,positive,news,Verizon (VZ) Gets Target Hike From TD Cowen on Better-Than-Expected Phone Adds
CHTR,2026-02-11,0.9394637998193502,positive,news,"T-Mobile Delivers Best-in-Class Customer Results in Q4, Translating into Durable and Profitable Financial Growth Driven By Widening Differentiation"
CHTR,2026-02-11,-0.9358522882685065,negative,news,Madison Asset Management LLC Has $84.39 Million Holdings in Liberty Broadband Corporation $LBRDK
CHTR,2026-02-11,0.6740694120526314,positive,news,Sparklight Wi‑Fi 7 designed to cut dead zones in and outside your home
CHTR,2026-02-10,0.6791895627975464,positive,news,Stifel lowers Palo Alto Networks stock price target to $200 from $225 By Investing.com
CHTR,2026-02-10,0.21812647581100464,neutral,news,Venice Beach ‘Dunk District’ and HBCU Classic anchor AT&T’s NBA All-Star push
CHTR,2026-02-10,-0.916236917488277,negative,news,Comcast settles with Entropic as battle with MaxLinear rages on
CHTR,2026-02-10,0.2823382942005992,neutral,news,Milestone hires legal chief as it rolls out PSVT nasal spray
CHTR,2026-02-09,0.8720578998327255,positive,news,"Trump blesses Nexstar-Tegna merger, paving way for more consolidation"
CHTR,2026-02-09,0.535035103559494,positive,news,"Nexstar, Tegna shares soar after Trump puts his thumb on the scale in contentious merger"
CHTR,2026-02-08,0.7571709165349603,positive,news,AT&T Inc.: Can the Old-School Telecom Giant Reinvent Itself as a Modern Connectivity Platform?
CHTR,2026-02-07,0.8504590038210154,positive,news,AT&T Inc.: Can the Old-School Telecom Giant Reinvent Itself as a Modern Connectivity Platform?
CHTR,2026-02-07,0.9317336194217205,positive,news,"Liberty Global stock ends higher as Class B shares spike, with earnings next on deck"
CHTR,2026-02-07,0.33198703825473785,neutral,news,Analysts Offer Insights on Financial Companies: IREN (IREN) and KKR & Co (KKR)
CHTR,2026-02-07,0.9420149363577366,positive,news,Is Lumen Technologies Stock Outperforming Its Rivals?
CHTR,2026-02-06,0.5532821584492922,positive,news,Parents get $2.99 kids' smartphone as AT&T rolls out amiGO Jr. and watch
CHTR,2026-02-06,0.9203126421198249,positive,news,Cable One's New CEO Jim Holanda to Start on February 16
CHTR,2026-02-06,0.934614347293973,positive,news,BCE Inc. (NYSE:BCE) Q4 2025 Earnings Call Transcript
CHTR,2026-02-06,0.25577083230018616,positive,news,Analysts Offer Insights on Real Estate Companies: Equity Lifestyle (ELS) and Crown Castle (CCI)
CHTR,2026-02-05,-0.33213653042912483,neutral,news,Asian government’s espionage campaign breached critical infrastructure in 37 countries
CHTR,2026-02-05,0.9372202269732952,positive,news,C3is Stock Skyrockets amid Fleet Expansion and Revenue Growth
CHTR,2026-02-05,0.3443664312362671,positive,news,Clearfield Q1 2026 Earnings Call Transcript
CHTR,2026-02-04,0.29468376003205776,neutral,news,CSG Systems International Reports Fourth Quarter and Full Year 2025 Results
CHTR,2026-02-04,0.9237518720328808,positive,news,Liberty Broadband’s Quiet Rebound: Is LBRDK Turning a Corner or Just Catching Its Breath?
CHTR,2026-02-03,0.9353155456483364,positive,news,Vale’s Stock Surges as Analysts Lift Price Targets Amid Strong Q4 Performance
CHTR,2026-02-03,-0.01572665572166443,neutral,news,Analysts Have Conflicting Sentiments on These Communication Services Companies: Charter Communications (CHTR) and Opera (OPRA)
CHTR,2026-02-03,-0.48745372891426086,negative,news,Analysts Have Conflicting Sentiments on These Communication Services Companies: Charter Communications (CHTR) and Opera (OPRA)
CHTR,2026-02-03,0.6025779042392969,positive,news,"Analysts Offer Insights on Communication Services Companies: Meta Platforms (META), Charter Communications (CHTR) and Comcast (CMCSA)"
CHTR,2026-02-03,0.19051958248019218,neutral,news,"Analysts Offer Insights on Communication Services Companies: Meta Platforms (META), Charter Communications (CHTR) and Comcast (CMCSA)"
CHTR,2026-02-03,0.11608460918068886,neutral,news,"Analysts Offer Insights on Communication Services Companies: Meta Platforms (META), Charter Communications (CHTR) and Comcast (CMCSA)"
CHTR,2026-02-03,0.12784919515252113,neutral,news,"Analysts Offer Insights on Communication Services Companies: Meta Platforms (META), Charter Communications (CHTR) and Comcast (CMCSA)"
CHTR,2026-02-03,0.5347240893170238,positive,news,Ispire Technology Inc. Schedules Earnings Conference Call
CHTR,2026-02-03,0.9369662422686815,positive,news,BofA Boosts Comcast (CMCSA) Price Target Amid Media Asset Reorganization
CHTR,2026-02-03,-0.2114606648683548,negative,news,Analysts Offer Insights on Communication Services Companies: Omnicom Group (OMC) and Charter Communications (CHTR)
CHTR,2026-02-03,0.9350098501890898,positive,news,Semtech Surges with New 5G RedCap Routers Launch
CHTR,2026-02-03,0.9422223512083292,positive,news,AT&T Inc. (T): A Bull Case Theory
CHTR,2026-02-02,0.9315735967829823,positive,news,AerCap Holdings N.V. (AER): A Bull Case Theory
CHTR,2026-02-02,0.5910022687166929,positive,news,New smart belt uses AT&T network to alert caregivers when seniors fall
CHTR,2026-02-02,0.9370907302945852,positive,news,Geron Corporation Anticipates Robust RYTELO Revenue for 2026
CHTR,2026-02-02,0.935737943276763,positive,news,Investor Optimism Soars: Analysts Boost Lumentum’s Price Target
CHTR,2026-02-02,-0.9619907820597291,negative,news,Skyworks Solutions (SWKS) Traded Down in Q4. Here’s Why
CHTR,2026-02-02,0.8894072500988841,positive,news,"100,000 prepaid lines: inside LinkUp Mobile’s growth push"
CHTR,2026-02-02,-0.8708731085062027,negative,news,Comcast (CMCSA) Price Target Reduced at Scotiabank
CHTR,2026-02-02,0.019435565918684006,neutral,news,The 3 Warren Buffett Stocks Berkshire Hathaway Might Sell Next
CHTR,2026-02-02,-0.8918928168714046,negative,news,Charter Communications (CHTR) Net Margin Near 9% Tests Bearish Earnings Narrative
CHTR,2026-02-01,0.30861079692840576,positive,news,Cable One’s Roller-Coaster: Can CABO Reconnect With Growth After A Brutal Year?
CHTR,2026-02-01,0.8952415995299816,positive,news,Charter Continues to Make Modest Progress Bundling Services and Cutting Customer Losses
NEE,2026-02-12,-0.8353122174739838,negative,news,"Mitchell Capital Management Co. Trims Holdings in NextEra Energy, Inc. $NEE"
NEE,2026-02-12,-0.9507214222103357,negative,news,Utility PG&E tightens 2026 profit forecast on strong power demand By Reuters
NEE,2026-02-12,0.9227793728932738,positive,news,"Stratos Wealth Partners LTD. Buys 13,986 Shares of NextEra Energy, Inc. $NEE"
NEE,2026-02-12,0.7266750410199165,positive,news,"NextEra Energy, Inc. (NYSE:NEE) Receives Consensus Rating of ""Moderate Buy"" from Analysts"
NEE,2026-02-12,0.926761981099844,positive,news,"Caisse Des Depots ET Consignations Has $9.33 Million Stock Position in NextEra Energy, Inc. $NEE"
NEE,2026-02-12,0.9068954838439822,positive,news,"Cibc World Market Inc. Grows Stake in NextEra Energy, Inc. $NEE"
NEE,2026-02-12,-0.9600160997360945,negative,news,Cibc World Market Inc. Cuts Holdings in Algonquin Power & Utilities Corp. $AQN
NEE,2026-02-11,0.7655340265482664,positive,news,NextEra Energy Raises Euro Debentures for Long-Term Funding
NEE,2026-02-11,0.7710315138101578,positive,news,"Anthropic to Pay for Grid Upgrades, Preventing Higher Consumer Energy Bills | 2026 - News and Statistics"
NEE,2026-02-11,0.8637342676520348,positive,news,NextEra Energy Raises Euro Debentures for Long-Term Funding
NEE,2026-02-11,-0.007336720824241638,neutral,news,"Hedge Fund and Insider Trading News: Steven Cohen, Ray Dalio, Ken Griffin, Bill Ackman, Warren Buffett, Elliott Management, L1 Capital, Nextera Energy Inc (NEE), TransDigm Group Inc (TDG), and More"
NEE,2026-02-11,0.7009282764047384,positive,news,"NiSource Q4 Earnings Surpass Estimates, Revenues Increase Y/Y"
NEE,2026-02-11,0.9389639738947153,positive,news,"NiSource Q4 Earnings Surpass Estimates, Revenues Increase Y/Y"
NEE,2026-02-11,0.9379776660352945,positive,news,"NiSource Q4 Earnings Surpass Estimates, Revenues Increase Y/Y"
NEE,2026-02-11,0.9242090815678239,positive,news,"NextEra Energy Partners, LP (NYSE:NEP) Q4 2025 Earnings Call Transcript"
NEE,2026-02-11,0.9084300398826599,positive,news,$9.8 Billion Utilities ETF Is A 3% Yielding Backdoor Bet on AI’s Explosive Growth
NEE,2026-02-11,-0.7054768055677414,negative,news,"NextEra Energy, Inc. $NEE Stock Position Trimmed by Rhumbline Advisers"
NEE,2026-02-11,-0.005433632060885429,neutral,news,Nextera Energy CEO Ketchum sells $8.89 million in stock By Investing.com
NEE,2026-02-11,0.9294074522331357,positive,news,Caprock Group LLC Takes $5.97 Million Position in Duke Energy Corporation $DUK
NEE,2026-02-11,0.8524061837233603,positive,news,Fermi nets USD 500m for massive private energy campus in Texas
NEE,2026-02-11,-0.8173185586929321,negative,news,"Essex Investment Management Co. LLC Trims Stock Holdings in NextEra Energy, Inc. $NEE"
NEE,2026-02-11,0.9300673333927989,positive,news,ABC Arbitrage SA Acquires New Position in Duke Energy Corporation $DUK
NEE,2026-02-11,0.16107809636741877,neutral,news,"ING Groep NV Invests $29.52 Million in NextEra Energy, Inc. $NEE"
NEE,2026-02-11,0.9332436639815569,positive,news,NiSource Inc stock hits all-time high at 44.97 USD By Investing.com
NEE,2026-02-11,-0.278532013297081,negative,news,Nextera Energy CEO Ketchum sells $8.89 million in stock
NEE,2026-02-11,0.938630816526711,positive,news,Lee Enterprises outlines $450M digital revenue target by 2030 following $50M equity investment and interest rate reduction
NEE,2026-02-11,-0.8941462077200413,negative,news,"NextEra Energy (NYSE:NEE) CEO Sells $8,898,532.02 in Stock"
NEE,2026-02-10,0.9308202136307955,positive,news,XPLR Infrastructure Q4 2025 Earnings Call Transcript
NEE,2026-02-10,0.5078364321961999,positive,news,TVA proposes keeping Kingston coal plant running past 2027
NEE,2026-02-10,0.9266529511660337,positive,news,Uranium market gathers momentum in 2026: Sprott
NEE,2026-02-10,0.40502628684043884,positive,news,KEPCO’s industrial power revenue hits record high despite lower sales volumes
NEE,2026-02-10,0.8958573061972857,positive,news,"Rockland Trust Co. Has $29.15 Million Holdings in NextEra Energy, Inc. $NEE"
NEE,2026-02-10,-0.920126635581255,negative,news,"First National Trust Co Lowers Stake in NextEra Energy, Inc. $NEE"
NEE,2026-02-10,-0.803564578294754,negative,news,"Reaves W H & Co. Inc. Has $44.82 Million Position in NextEra Energy, Inc. $NEE"
NEE,2026-02-10,-0.8795246928930283,negative,news,"Wesbanco Bank Inc. Lowers Stock Position in NextEra Energy, Inc. $NEE"
NEE,2026-02-10,-0.7696452364325523,negative,news,"SVB Wealth LLC Sells 11,531 Shares of NextEra Energy, Inc. $NEE"
NEE,2026-02-10,0.914935065433383,positive,news,"Compagnie Lombard Odier SCmA Has $76.41 Million Position in NextEra Energy, Inc. $NEE"
NEE,2026-02-10,0.9348455872386694,positive,news,"Reaves W H & Co. Inc. Acquires Shares of 236,000 WEC Energy Group, Inc. $WEC"
NEE,2026-02-10,0.921373788267374,positive,news,"Midwest Trust Co Purchases 50,692 Shares of NextEra Energy, Inc. $NEE"
NEE,2026-02-10,0.9392785280942917,positive,news,Rollins (ROL) To Report Earnings Tomorrow: Here Is What To Expect
NEE,2026-02-10,0.8336697686463594,positive,news,Legislation to insulate consumers from data center electricity costs passes House committee
NEE,2026-02-10,0.6950138211250305,positive,news,Earnings To Watch: Generac (GNRC) Reports Q4 Results Tomorrow
NEE,2026-02-09,0.13992257229983807,neutral,news,Hybrid Energy Strategies for Data Centres Key Limits
NEE,2026-02-09,-0.7077667340636253,negative,news,Regulator plans two-part inquiry into last year's cyberattack at N.S. utility
NEE,2026-02-09,0.5809765541926026,positive,news,Ameren Corp. Stock Is Quietly Going Viral – But Is This Boring Utility Your Smartest Power Play?
NEE,2026-02-09,0.3975042784586549,neutral,news,The Truth About Dominion Energy: Safe Boring Stock Or Sneaky Power Play For 2026?
NEE,2026-02-09,0.46860947739332914,neutral,news,The Truth About Dominion Energy: Safe Boring Stock Or Sneaky Power Play For 2026?
NEE,2026-02-09,0.861572542693466,positive,news,"Xcel Energy partnerships with NextEra, GE Vernova highlight race to add generation for large loads"
AMAT,2026-02-12,-0.05899268388748169,neutral,sec_filing,AMAT 8-K Filing - 2026-02-12
TMUS,2026-02-11,-0.0012103449553251266,neutral,sec_filing,TMUS 10-K Filing - 2026-02-11
PEP,2026-02-11,-0.02359689399600029,neutral,sec_filing,PEP 8-K Filing - 2026-02-11
TGT,2026-02-11,-0.050316449254751205,neutral,sec_filing,TGT 8-K Filing - 2026-02-11
MA,2026-02-11,-0.008865026757121086,neutral,sec_filing,MA 10-K Filing - 2026-02-11
MS,2026-02-11,-0.061488837003707886,neutral,sec_filing,MS 8-K Filing - 2026-02-11
MCD,2026-02-11,-0.04211917705833912,neutral,sec_filing,MCD 8-K Filing - 2026-02-11
TMUS,2026-02-11,-0.0628594346344471,neutral,sec_filing,TMUS 8-K Filing - 2026-02-11
JNJ,2026-02-11,-0.011355986818671227,neutral,sec_filing,JNJ 10-K Filing - 2026-02-11
BMY,2026-02-11,-0.022085916250944138,neutral,sec_filing,BMY 10-K Filing - 2026-02-11
CSCO,2026-02-11,-0.058200886473059654,neutral,sec_filing,CSCO 8-K Filing - 2026-02-11
CVS,2026-02-10,-0.05250191502273083,neutral,sec_filing,CVS 8-K Filing - 2026-02-10
TGT,2026-02-10,-0.054401637986302376,neutral,sec_filing,TGT 8-K Filing - 2026-02-10
AXP,2026-02-10,-0.06440559029579163,neutral,sec_filing,AXP 8-K Filing - 2026-02-10
DHR,2026-02-10,-0.049153732135891914,neutral,sec_filing,DHR 8-K Filing - 2026-02-10
MCD,2026-02-10,-0.0504464004188776,neutral,sec_filing,MCD 8-K Filing - 2026-02-10
CVS,2026-02-10,-0.0063313208520412445,neutral,sec_filing,CVS 10-K Filing - 2026-02-10
KO,2026-02-10,-0.05139355920255184,neutral,sec_filing,KO 8-K Filing - 2026-02-10
GILD,2026-02-10,-0.041771333664655685,neutral,sec_filing,GILD 8-K Filing - 2026-02-10
T,2026-02-09,-0.024308348074555397,neutral,sec_filing,T 10-K Filing - 2026-02-09
VZ,2026-02-09,-0.05381930060684681,neutral,sec_filing,VZ 8-K Filing - 2026-02-09
COF,2026-02-09,-0.05582076869904995,neutral,sec_filing,COF 8-K Filing - 2026-02-09
TXN,2026-02-06,-0.014840887859463692,neutral,sec_filing,TXN 10-K Filing - 2026-02-06
COF,2026-02-06,-0.06108861230313778,neutral,sec_filing,COF 8-K Filing - 2026-02-06
AMZN,2026-02-06,-0.021555915474891663,neutral,sec_filing,AMZN 10-K Filing - 2026-02-06
UPS,2026-02-06,-0.05940631218254566,neutral,sec_filing,UPS 8-K Filing - 2026-02-06
AXP,2026-02-06,-0.01694699376821518,neutral,sec_filing,AXP 10-K Filing - 2026-02-06
EMR,2026-02-06,-0.06490598618984222,neutral,sec_filing,EMR 8-K Filing - 2026-02-06
TXN,2026-02-06,-0.07458366639912128,neutral,sec_filing,TXN 8-K Filing - 2026-02-06
RTX,2026-02-06,-0.00685504823923111,neutral,sec_filing,RTX 10-K Filing - 2026-02-06
VZ,2026-02-05,-0.05399329401552677,neutral,sec_filing,VZ 8-K Filing - 2026-02-05
COP,2026-02-05,-0.07254490815103054,neutral,sec_filing,COP 8-K Filing - 2026-02-05
JPM,2026-02-05,-0.06454986333847046,neutral,sec_filing,JPM 8-K Filing - 2026-02-05
ORCL,2026-02-05,-0.027670999988913536,neutral,sec_filing,ORCL 8-K Filing - 2026-02-05
CI,2026-02-05,-0.05354289896786213,neutral,sec_filing,CI 8-K Filing - 2026-02-05
T,2026-02-05,-0.05719343014061451,neutral,sec_filing,T 8-K Filing - 2026-02-05
MMM,2026-02-05,-0.06904147751629353,neutral,sec_filing,MMM 8-K Filing - 2026-02-05
AMZN,2026-02-05,-0.06017674133181572,neutral,sec_filing,AMZN 8-K Filing - 2026-02-05
BMY,2026-02-05,-0.05975166708230972,neutral,sec_filing,BMY 8-K Filing - 2026-02-05
MA,2026-02-05,-0.04723721742630005,neutral,sec_filing,MA 8-K Filing - 2026-02-05
GOOGL,2026-02-05,-0.021590860560536385,neutral,sec_filing,GOOGL 10-K Filing - 2026-02-05
GOOGL,2026-02-04,-0.05419293977320194,neutral,sec_filing,GOOGL 8-K Filing - 2026-02-04
AMD,2026-02-04,-0.014102673158049583,neutral,sec_filing,AMD 10-K Filing - 2026-02-04
ABBV,2026-02-04,-0.05170091986656189,neutral,sec_filing,ABBV 8-K Filing - 2026-02-04
PSX,2026-02-04,-0.0377556961029768,neutral,sec_filing,PSX 8-K Filing - 2026-02-04
ORCL,2026-02-04,-0.02369401603937149,neutral,sec_filing,ORCL 8-K Filing - 2026-02-04
QCOM,2026-02-04,-0.06316016800701618,neutral,sec_filing,QCOM 10-Q Filing - 2026-02-04
LLY,2026-02-04,-0.03149137459695339,neutral,sec_filing,LLY 8-K Filing - 2026-02-04
QCOM,2026-02-04,-0.04250079393386841,neutral,sec_filing,QCOM 8-K Filing - 2026-02-04
PYPL,2026-02-03,-0.020446179434657097,neutral,sec_filing,PYPL 10-K Filing - 2026-02-03
PYPL,2026-02-03,-0.059339169412851334,neutral,sec_filing,PYPL 8-K Filing - 2026-02-03
C,2026-02-03,-0.037720030173659325,neutral,sec_filing,C 8-K Filing - 2026-02-03
PFE,2026-02-03,-0.03985174372792244,neutral,sec_filing,PFE 8-K Filing - 2026-02-03
MRK,2026-02-03,-0.04127073474228382,neutral,sec_filing,MRK 8-K Filing - 2026-02-03
PEP,2026-02-03,-0.03615277074277401,neutral,sec_filing,PEP 8-K Filing - 2026-02-03
CMCSA,2026-02-03,-0.006985606625676155,neutral,sec_filing,CMCSA 10-K Filing - 2026-02-03
AMGN,2026-02-03,-0.037966229021549225,neutral,sec_filing,AMGN 8-K Filing - 2026-02-03
DIS,2026-02-03,-0.03420580178499222,neutral,sec_filing,DIS 8-K Filing - 2026-02-03
AMD,2026-02-03,-0.049263931810855865,neutral,sec_filing,AMD 8-K Filing - 2026-02-03
MPC,2026-02-03,-0.04168977029621601,neutral,sec_filing,MPC 8-K Filing - 2026-02-03
EMR,2026-02-03,-0.10832461528480053,neutral,sec_filing,EMR 10-Q Filing - 2026-02-03
MMM,2026-02-03,-0.02218260057270527,neutral,sec_filing,MMM 10-K Filing - 2026-02-03
GS,2026-02-02,-0.049775395542383194,neutral,sec_filing,GS 8-K Filing - 2026-02-02
IBM,2026-02-02,-0.03150591254234314,neutral,sec_filing,IBM 8-K Filing - 2026-02-02
DIS,2026-02-02,-0.06674484442919493,neutral,sec_filing,DIS 10-Q Filing - 2026-02-02
CHTR,2026-01-30,-0.07026023231446743,neutral,sec_filing,CHTR 8-K Filing - 2026-01-30
CHTR,2026-01-30,-0.02525877021253109,neutral,sec_filing,CHTR 10-K Filing - 2026-01-30
BA,2026-01-30,-0.01035219244658947,neutral,sec_filing,BA 10-K Filing - 2026-01-30
CVX,2026-01-30,-0.03470131941139698,neutral,sec_filing,CVX 8-K Filing - 2026-01-30
CVX,2026-01-30,-0.03470131941139698,neutral,sec_filing,CVX 8-K Filing - 2026-01-30
XOM,2026-01-30,-0.024491945281624794,neutral,sec_filing,XOM 8-K Filing - 2026-01-30
AMGN,2026-01-30,-0.04203391261398792,neutral,sec_filing,AMGN 8-K Filing - 2026-01-30
V,2026-01-30,-0.08303466625511646,neutral,sec_filing,V 10-Q Filing - 2026-01-30
AAPL,2026-01-30,-0.08806088753044605,neutral,sec_filing,AAPL 10-Q Filing - 2026-01-30
IBM,2026-01-30,-0.03684007003903389,neutral,sec_filing,IBM 8-K Filing - 2026-01-30
VLO,2026-01-29,-0.08533522300422192,neutral,sec_filing,VLO 8-K Filing - 2026-01-29
AAPL,2026-01-29,-0.04030945338308811,neutral,sec_filing,AAPL 8-K Filing - 2026-01-29
V,2026-01-29,-0.05066566914319992,neutral,sec_filing,V 8-K Filing - 2026-01-29
CAT,2026-01-29,-0.03532488830387592,neutral,sec_filing,CAT 8-K Filing - 2026-01-29
TSLA,2026-01-29,-0.014051081612706184,neutral,sec_filing,TSLA 10-K Filing - 2026-01-29
LMT,2026-01-29,-0.00662575475871563,neutral,sec_filing,LMT 10-K Filing - 2026-01-29
LMT,2026-01-29,-0.03156641311943531,neutral,sec_filing,LMT 8-K Filing - 2026-01-29
TMO,2026-01-29,-0.05455310270190239,neutral,sec_filing,TMO 8-K Filing - 2026-01-29
GE,2026-01-29,-0.02423347719013691,neutral,sec_filing,GE 10-K Filing - 2026-01-29
CMCSA,2026-01-29,-0.03612674027681351,neutral,sec_filing,CMCSA 8-K Filing - 2026-01-29
META,2026-01-29,-0.013634735718369484,neutral,sec_filing,META 10-K Filing - 2026-01-29
HON,2026-01-29,-0.04164053313434124,neutral,sec_filing,HON 8-K Filing - 2026-01-29
WFC,2026-01-29,-0.06371761858463287,neutral,sec_filing,WFC 8-K Filing - 2026-01-29
SCHW,2026-01-29,-0.03993654064834118,neutral,sec_filing,SCHW 8-K Filing - 2026-01-29
USB,2026-01-29,-0.06083912216126919,neutral,sec_filing,USB 8-K Filing - 2026-01-29
TSLA,2026-01-28,-0.046514902263879776,neutral,sec_filing,TSLA 8-K Filing - 2026-01-28
ACN,2026-01-28,-0.07285969331860542,neutral,sec_filing,ACN 8-K Filing - 2026-01-28
DHR,2026-01-28,-0.05025157518684864,neutral,sec_filing,DHR 8-K Filing - 2026-01-28
SBUX,2026-01-28,-0.0320819653570652,neutral,sec_filing,SBUX 8-K Filing - 2026-01-28
USB,2026-01-28,-0.06432339362800121,neutral,sec_filing,USB 8-K Filing - 2026-01-28
MSFT,2026-01-28,-0.031338706612586975,neutral,sec_filing,MSFT 8-K Filing - 2026-01-28
MSFT,2026-01-28,-0.09537072293460369,neutral,sec_filing,MSFT 10-Q Filing - 2026-01-28
META,2026-01-28,-0.048649709671735764,neutral,sec_filing,META 8-K Filing - 2026-01-28
SBUX,2026-01-28,-0.07946460973471403,neutral,sec_filing,SBUX 10-Q Filing - 2026-01-28
ADBE,2026-01-27,-0.04337180592119694,neutral,sec_filing,ADBE 8-K Filing - 2026-01-27
UPS,2026-01-27,-0.05178259499371052,neutral,sec_filing,UPS 8-K Filing - 2026-01-27
RTX,2026-01-27,-0.030262572690844536,neutral,sec_filing,RTX 8-K Filing - 2026-01-27
BA,2026-01-27,-0.04325365461409092,neutral,sec_filing,BA 8-K Filing - 2026-01-27
UNH,2026-01-27,-0.0685028824955225,neutral,sec_filing,UNH 8-K Filing - 2026-01-27
PNC,2026-01-26,-0.07277745567262173,neutral,sec_filing,PNC 8-K Filing - 2026-01-26
GS,2026-01-23,-0.04476906545460224,neutral,sec_filing,GS 8-K Filing - 2026-01-23
WFC,2026-01-23,-0.06481501273810863,neutral,sec_filing,WFC 8-K Filing - 2026-01-23
PG,2026-01-23,-0.05847303569316864,neutral,sec_filing,PG 10-Q Filing - 2026-01-23
ADI,2026-01-23,-0.0464472658932209,neutral,sec_filing,ADI 8-K Filing - 2026-01-23
INTC,2026-01-23,-0.0044962503015995026,neutral,sec_filing,INTC 10-K Filing - 2026-01-23
SLB,2026-01-23,-0.014685211703181267,neutral,sec_filing,SLB 10-K Filing - 2026-01-23
SLB,2026-01-23,-0.056086016818881035,neutral,sec_filing,SLB 8-K Filing - 2026-01-23
NFLX,2026-01-23,-0.004918597638607025,neutral,sec_filing,NFLX 10-K Filing - 2026-01-23
NVDA,2026-01-23,-0.035975346341729164,neutral,sec_filing,NVDA 8-K Filing - 2026-01-23
INTC,2026-01-23,-0.02383941039443016,neutral,sec_filing,INTC 8-K Filing - 2026-01-23
DE,2026-01-22,-0.05493871308863163,neutral,sec_filing,DE 8-K Filing - 2026-01-22
ABT,2026-01-22,-0.04081008397042751,neutral,sec_filing,ABT 8-K Filing - 2026-01-22
JPM,2026-01-22,-0.06723554991185665,neutral,sec_filing,JPM 8-K Filing - 2026-01-22
GE,2026-01-22,-0.05873718857765198,neutral,sec_filing,GE 8-K Filing - 2026-01-22
PG,2026-01-22,-0.053693003952503204,neutral,sec_filing,PG 8-K Filing - 2026-01-22
MU,2026-01-21,-0.02910883165895939,neutral,sec_filing,MU 8-K Filing - 2026-01-21
SCHW,2026-01-21,-0.038629526272416115,neutral,sec_filing,SCHW 8-K Filing - 2026-01-21
JNJ,2026-01-21,-0.05651812441647053,neutral,sec_filing,JNJ 8-K Filing - 2026-01-21
COST,2026-01-21,-0.03734327293932438,neutral,sec_filing,COST 8-K Filing - 2026-01-21
NFLX,2026-01-20,-0.024409841746091843,neutral,sec_filing,NFLX 8-K Filing - 2026-01-20
OXY,2026-01-20,-0.05421805940568447,neutral,sec_filing,OXY 8-K Filing - 2026-01-20
WMT,2026-01-16,-0.06266599148511887,neutral,sec_filing,WMT 8-K Filing - 2026-01-16
PNC,2026-01-16,-0.08019033074378967,neutral,sec_filing,PNC 8-K Filing - 2026-01-16
MS,2026-01-15,-0.08158925548195839,neutral,sec_filing,MS 8-K Filing - 2026-01-15
ADBE,2026-01-15,-0.012367641553282738,neutral,sec_filing,ADBE 10-K Filing - 2026-01-15
C,2026-01-14,-0.042991168797016144,neutral,sec_filing,C 8-K Filing - 2026-01-14
KO,2026-01-14,-0.03349752351641655,neutral,sec_filing,KO 8-K Filing - 2026-01-14
BAC,2026-01-14,-0.041271183639764786,neutral,sec_filing,BAC 8-K Filing - 2026-01-14
AVGO,2026-01-13,-0.042691200971603394,neutral,sec_filing,AVGO 8-K Filing - 2026-01-13
EOG,2026-01-12,-0.05249210633337498,neutral,sec_filing,EOG 8-K Filing - 2026-01-12
UNH,2026-01-12,-0.06005798280239105,neutral,sec_filing,UNH 8-K Filing - 2026-01-12
TMO,2026-01-12,-0.05316413752734661,neutral,sec_filing,TMO 8-K Filing - 2026-01-12
WMT,2026-01-08,-0.05733427591621876,neutral,sec_filing,WMT 8-K Filing - 2026-01-08
ABBV,2026-01-07,-0.05498141422867775,neutral,sec_filing,ABBV 8-K Filing - 2026-01-07
XOM,2026-01-07,-0.02620544284582138,neutral,sec_filing,XOM 8-K Filing - 2026-01-07
BAC,2026-01-06,-0.037847692146897316,neutral,sec_filing,BAC 8-K Filing - 2026-01-06
CAT,2026-01-06,-0.0368376262485981,neutral,sec_filing,CAT 8-K Filing - 2026-01-06
OXY,2026-01-02,-0.05236154422163963,neutral,sec_filing,OXY 8-K Filing - 2026-01-02
NKE,2025-12-30,-0.0637977896258235,neutral,sec_filing,NKE 10-Q Filing - 2025-12-30
HON,2025-12-22,-0.04107511602342129,neutral,sec_filing,HON 8-K Filing - 2025-12-22
MPC,2025-12-18,-0.03962460346519947,neutral,sec_filing,MPC 8-K Filing - 2025-12-18
MU,2025-12-18,-0.06989112868905067,neutral,sec_filing,MU 10-Q Filing - 2025-12-18
NKE,2025-12-18,-0.0490218922495842,neutral,sec_filing,NKE 8-K Filing - 2025-12-18
DE,2025-12-18,-0.017602980136871338,neutral,sec_filing,DE 10-K Filing - 2025-12-18
AVGO,2025-12-18,-0.0068444907665252686,neutral,sec_filing,AVGO 10-K Filing - 2025-12-18
ACN,2025-12-18,-0.0948009267449379,neutral,sec_filing,ACN 10-Q Filing - 2025-12-18
CSCO,2025-12-17,-0.054802823811769485,neutral,sec_filing,CSCO 8-K Filing - 2025-12-17
COST,2025-12-17,-0.05799258500337601,neutral,sec_filing,COST 10-Q Filing - 2025-12-17
PFE,2025-12-16,-0.04096952639520168,neutral,sec_filing,PFE 8-K Filing - 2025-12-16
ABT,2025-12-12,-0.029727090150117874,neutral,sec_filing,ABT 8-K Filing - 2025-12-12
AMAT,2025-12-12,-0.009906673803925514,neutral,sec_filing,AMAT 10-K Filing - 2025-12-12
EOG,2025-12-11,-0.05181439407169819,neutral,sec_filing,EOG 8-K Filing - 2025-12-11
CRM,2025-12-04,-0.11013132333755493,neutral,sec_filing,CRM 10-Q Filing - 2025-12-04
MRK,2025-12-04,-0.0479888878762722,neutral,sec_filing,MRK 8-K Filing - 2025-12-04
CRM,2025-12-03,-0.0735668633133173,neutral,sec_filing,CRM 8-K Filing - 2025-12-03
LOW,2025-11-26,-0.41769340448081493,neutral,sec_filing,LOW 10-Q Filing - 2025-11-26
ADI,2025-11-25,-0.016376065090298653,neutral,sec_filing,ADI 10-K Filing - 2025-11-25
MDT,2025-11-25,-0.06231600604951382,neutral,sec_filing,MDT 10-Q Filing - 2025-11-25
HD,2025-11-25,-0.09049746580421925,neutral,sec_filing,HD 10-Q Filing - 2025-11-25
HD,2025-11-24,-0.054000742733478546,neutral,sec_filing,HD 8-K Filing - 2025-11-24
LLY,2025-11-21,-0.03223757818341255,neutral,sec_filing,LLY 8-K Filing - 2025-11-21
LOW,2025-11-19,-0.323676023632288,neutral,sec_filing,LOW 8-K Filing - 2025-11-19
NVDA,2025-11-19,-0.0706088813021779,neutral,sec_filing,NVDA 10-Q Filing - 2025-11-19
GILD,2025-11-19,-0.0368339978158474,neutral,sec_filing,GILD 8-K Filing - 2025-11-19
MDT,2025-11-18,-0.0602811798453331,neutral,sec_filing,MDT 8-K Filing - 2025-11-18
CI,2025-11-18,-0.05523381941020489,neutral,sec_filing,CI 8-K Filing - 2025-11-18
COP,2025-11-06,-0.08532661106437445,neutral,sec_filing,COP 10-Q Filing - 2025-11-06
PSX,2025-10-29,-0.06439993157982826,neutral,sec_filing,PSX 10-Q Filing - 2025-10-29
VLO,2025-10-29,-0.055751923471689224,neutral,sec_filing,VLO 8-K Filing - 2025-10-29
AAPL,2025-03-31 00:00:00,0.7458915561437607,positive,earnings,AAPL Earnings: EPS 1.65 vs 1.62253 expected
AAPL,2025-06-30 00:00:00,0.7298214882612228,positive,earnings,AAPL Earnings: EPS 1.57 vs 1.42572 expected
AAPL,2025-09-30 00:00:00,0.732024759054184,positive,earnings,AAPL Earnings: EPS 1.85 vs 1.76993 expected
AAPL,2025-12-31 00:00:00,0.7865898534655571,positive,earnings,AAPL Earnings: EPS 2.84 vs 2.6708 expected
MSFT,2025-03-31 00:00:00,0.7432021871209145,positive,earnings,MSFT Earnings: EPS 3.46 vs 3.21597 expected
MSFT,2025-06-30 00:00:00,0.7638286352157593,positive,earnings,MSFT Earnings: EPS 3.65 vs 3.37942 expected
MSFT,2025-09-30 00:00:00,0.7630097419023514,positive,earnings,MSFT Earnings: EPS 3.72 vs 3.66189 expected
MSFT,2025-12-31 00:00:00,0.7663401737809181,positive,earnings,MSFT Earnings: EPS 5.16 vs 3.84855 expected
GOOGL,2025-03-31 00:00:00,0.782971702516079,positive,earnings,GOOGL Earnings: EPS 2.81 vs 2.00576 expected
GOOGL,2025-06-30 00:00:00,0.7579132989048958,positive,earnings,GOOGL Earnings: EPS 2.31 vs 2.18615 expected
GOOGL,2025-09-30 00:00:00,0.7793762162327766,positive,earnings,GOOGL Earnings: EPS 2.87 vs 2.26199 expected
GOOGL,2025-12-31 00:00:00,0.7745277136564255,positive,earnings,GOOGL Earnings: EPS 2.82 vs 2.63521 expected
GOOG,2025-03-31 00:00:00,0.7843975871801376,positive,earnings,GOOG Earnings: EPS 2.81 vs 2.00951 expected
GOOG,2025-06-30 00:00:00,0.7649384289979935,positive,earnings,GOOG Earnings: EPS 2.31 vs 2.19807 expected
GOOG,2025-09-30 00:00:00,0.7753370627760887,positive,earnings,GOOG Earnings: EPS 2.87 vs 2.26206 expected
GOOG,2025-12-31 00:00:00,0.7648510038852692,positive,earnings,GOOG Earnings: EPS 2.82 vs 2.64089 expected
META,2025-03-31 00:00:00,0.7348345890641212,positive,earnings,META Earnings: EPS 6.43 vs 5.22294 expected
META,2025-06-30 00:00:00,0.7355462312698364,positive,earnings,META Earnings: EPS 7.14 vs 5.90298 expected
META,2025-09-30 00:00:00,0.7417584508657455,positive,earnings,META Earnings: EPS 1.05 vs 6.70696 expected
META,2025-12-31 00:00:00,0.7156631052494049,positive,earnings,META Earnings: EPS 8.88 vs 8.22253 expected
NVDA,2025-01-31 00:00:00,0.707804724574089,positive,earnings,NVDA Earnings: EPS 0.89 vs 0.84562 expected
NVDA,2025-04-30 00:00:00,0.7350348234176636,positive,earnings,NVDA Earnings: EPS 0.81 vs 0.74988 expected
NVDA,2025-07-31 00:00:00,0.7431184574961662,positive,earnings,NVDA Earnings: EPS 1.05 vs 1.00867 expected
NVDA,2025-10-31 00:00:00,0.7369126230478287,positive,earnings,NVDA Earnings: EPS 1.3 vs 1.25647 expected
AVGO,2025-01-31 00:00:00,0.7356649488210678,positive,earnings,AVGO Earnings: EPS 1.6 vs 1.50781 expected
AVGO,2025-04-30 00:00:00,0.7371332794427872,positive,earnings,AVGO Earnings: EPS 1.58 vs 1.5708 expected
AVGO,2025-07-31 00:00:00,0.7371824532747269,positive,earnings,AVGO Earnings: EPS 1.69 vs 1.66338 expected
AVGO,2025-10-31 00:00:00,0.7526099681854248,positive,earnings,AVGO Earnings: EPS 1.95 vs 1.87006 expected
CSCO,2025-04-30 00:00:00,0.7378568276762962,positive,earnings,CSCO Earnings: EPS 0.96 vs 0.9174 expected
CSCO,2025-07-31 00:00:00,0.7388815507292747,positive,earnings,CSCO Earnings: EPS 0.99 vs 0.97731 expected
CSCO,2025-10-31 00:00:00,0.7912113592028618,positive,earnings,CSCO Earnings: EPS 1.0 vs 0.98216 expected
CSCO,2026-01-31 00:00:00,0.7799971625208855,positive,earnings,CSCO Earnings: EPS 1.04 vs 1.02214 expected
ADBE,2025-02-28 00:00:00,0.7745737954974174,positive,earnings,ADBE Earnings: EPS 5.08 vs 4.97227 expected
ADBE,2025-05-31 00:00:00,0.7740137353539467,positive,earnings,ADBE Earnings: EPS 5.06 vs 4.97475 expected
ADBE,2025-08-31 00:00:00,0.8086569458246231,positive,earnings,ADBE Earnings: EPS 5.31 vs 5.18163 expected
ADBE,2025-11-30 00:00:00,0.7193096429109573,positive,earnings,ADBE Earnings: EPS 5.5 vs 5.39763 expected
CRM,2025-01-31 00:00:00,0.7647999376058578,positive,earnings,CRM Earnings: EPS 2.78 vs 2.61211 expected
CRM,2025-04-30 00:00:00,0.7414240464568138,positive,earnings,CRM Earnings: EPS 2.58 vs 2.54652 expected
CRM,2025-07-31 00:00:00,0.7732962891459465,positive,earnings,CRM Earnings: EPS 2.91 vs 2.77924 expected
CRM,2025-10-31 00:00:00,0.7831570208072662,positive,earnings,CRM Earnings: EPS 3.25 vs 2.86171 expected
ORCL,2025-02-28 00:00:00,0.7229634374380112,positive,earnings,ORCL Earnings: EPS 1.47 vs 1.49012 expected
ORCL,2025-05-31 00:00:00,0.7209422439336777,positive,earnings,ORCL Earnings: EPS 1.7 vs 1.64453 expected
ORCL,2025-08-31 00:00:00,0.7052542120218277,positive,earnings,ORCL Earnings: EPS 1.47 vs 1.47912 expected
ORCL,2025-11-30 00:00:00,0.7362424582242966,positive,earnings,ORCL Earnings: EPS 2.26 vs 1.6372 expected
ACN,2025-02-28 00:00:00,0.7600931525230408,positive,earnings,ACN Earnings: EPS 2.82 vs 2.81294 expected
ACN,2025-05-31 00:00:00,0.7254201918840408,positive,earnings,ACN Earnings: EPS 3.49 vs 3.32298 expected
ACN,2025-08-31 00:00:00,0.7406114339828491,positive,earnings,ACN Earnings: EPS 3.03 vs 2.97151 expected
ACN,2025-11-30 00:00:00,0.7691532373428345,positive,earnings,ACN Earnings: EPS 3.94 vs 3.7217 expected
IBM,2025-03-31 00:00:00,0.6723552495241165,positive,earnings,IBM Earnings: EPS 1.6 vs 1.427 expected
IBM,2025-06-30 00:00:00,0.6923292428255081,positive,earnings,IBM Earnings: EPS 2.8 vs 2.65467 expected
IBM,2025-09-30 00:00:00,0.6953733414411545,positive,earnings,IBM Earnings: EPS 2.65 vs 2.44662 expected
IBM,2025-12-31 00:00:00,0.6650923639535904,positive,earnings,IBM Earnings: EPS 4.52 vs 4.29238 expected
INTC,2025-03-31 00:00:00,0.7617076262831688,positive,earnings,INTC Earnings: EPS 0.13 vs 0.00453 expected
INTC,2025-06-30 00:00:00,0.7269310802221298,positive,earnings,INTC Earnings: EPS -0.1 vs 0.00847 expected
INTC,2025-09-30 00:00:00,0.7408512756228447,positive,earnings,INTC Earnings: EPS 0.23 vs 0.00714 expected
INTC,2025-12-31 00:00:00,0.7483022958040237,positive,earnings,INTC Earnings: EPS 0.15 vs 0.08264 expected
AMD,2025-03-31 00:00:00,0.7121356576681137,positive,earnings,AMD Earnings: EPS 0.96 vs 0.93359 expected
AMD,2025-06-30 00:00:00,0.7396202385425568,positive,earnings,AMD Earnings: EPS 0.48 vs 0.48264 expected
AMD,2025-09-30 00:00:00,0.7339362353086472,positive,earnings,AMD Earnings: EPS 1.2 vs 1.171 expected
AMD,2025-12-31 00:00:00,0.7715717479586601,positive,earnings,AMD Earnings: EPS 1.53 vs 1.31917 expected
QCOM,2025-03-31 00:00:00,0.7928887009620667,positive,earnings,QCOM Earnings: EPS 2.85 vs 2.81657 expected
QCOM,2025-06-30 00:00:00,0.7752479836344719,positive,earnings,QCOM Earnings: EPS 2.77 vs 2.71433 expected
QCOM,2025-09-30 00:00:00,0.7687140181660652,positive,earnings,QCOM Earnings: EPS 3.0 vs 2.87578 expected
QCOM,2025-12-31 00:00:00,0.7342147007584572,positive,earnings,QCOM Earnings: EPS 3.5 vs 3.40235 expected
TXN,2025-03-31 00:00:00,0.780199758708477,positive,earnings,TXN Earnings: EPS 1.28 vs 1.06477 expected
TXN,2025-06-30 00:00:00,0.7558740228414536,positive,earnings,TXN Earnings: EPS 1.41 vs 1.33258 expected
TXN,2025-09-30 00:00:00,0.7275814116001129,positive,earnings,TXN Earnings: EPS 1.48 vs 1.4859 expected
TXN,2025-12-31 00:00:00,0.7831095308065414,positive,earnings,TXN Earnings: EPS 1.27 vs 1.30773 expected
AMAT,2025-01-31 00:00:00,0.7696006521582603,positive,earnings,AMAT Earnings: EPS 2.38 vs 2.29585 expected
AMAT,2025-04-30 00:00:00,0.7932815700769424,positive,earnings,AMAT Earnings: EPS 2.39 vs 2.3104 expected
AMAT,2025-07-31 00:00:00,0.7519459947943687,positive,earnings,AMAT Earnings: EPS 2.48 vs 2.35905 expected
AMAT,2025-10-31 00:00:00,0.7911505326628685,positive,earnings,AMAT Earnings: EPS 2.17 vs 2.09366 expected
ADI,2025-01-31 00:00:00,0.7406817972660065,positive,earnings,ADI Earnings: EPS 1.63 vs 1.54353 expected
ADI,2025-04-30 00:00:00,0.7577435970306396,positive,earnings,ADI Earnings: EPS 1.85 vs 1.69147 expected
ADI,2025-07-31 00:00:00,0.7404996752738953,positive,earnings,ADI Earnings: EPS 2.05 vs 1.94629 expected
ADI,2025-10-31 00:00:00,0.7642517164349556,positive,earnings,ADI Earnings: EPS 2.26 vs 2.2348 expected
MU,2025-02-28 00:00:00,0.7311323583126068,positive,earnings,MU Earnings: EPS 1.56 vs 1.42477 expected
MU,2025-05-31 00:00:00,0.7378392070531845,positive,earnings,MU Earnings: EPS 1.91 vs 1.59495 expected
MU,2025-08-31 00:00:00,0.7439950853586197,positive,earnings,MU Earnings: EPS 3.03 vs 2.86023 expected
MU,2025-11-30 00:00:00,0.7712800800800323,positive,earnings,MU Earnings: EPS 4.78 vs 3.96005 expected
AMZN,2025-03-31 00:00:00,0.796196885406971,positive,earnings,AMZN Earnings: EPS 1.59 vs 1.358 expected
AMZN,2025-06-30 00:00:00,0.7306951805949211,positive,earnings,AMZN Earnings: EPS 1.68 vs 1.33192 expected
AMZN,2025-09-30 00:00:00,0.7361789122223854,positive,earnings,AMZN Earnings: EPS 1.95 vs 1.55757 expected
AMZN,2025-12-31 00:00:00,0.7828696966171265,positive,earnings,AMZN Earnings: EPS 1.95 vs 1.95962 expected
TSLA,2025-03-31 00:00:00,0.7322591319680214,positive,earnings,TSLA Earnings: EPS 0.27 vs 0.41468 expected
TSLA,2025-06-30 00:00:00,0.7151698172092438,positive,earnings,TSLA Earnings: EPS 0.4 vs 0.40391 expected
TSLA,2025-09-30 00:00:00,0.6928294152021408,positive,earnings,TSLA Earnings: EPS 0.5 vs 0.55885 expected
TSLA,2025-12-31 00:00:00,0.7051062732934952,positive,earnings,TSLA Earnings: EPS 0.5 vs 0.45061 expected
HD,2025-01-31 00:00:00,0.8182909116148949,positive,earnings,HD Earnings: EPS 3.02 vs 3.04392 expected
HD,2025-04-30 00:00:00,0.7695961073040962,positive,earnings,HD Earnings: EPS 3.56 vs 3.58912 expected
HD,2025-07-31 00:00:00,0.8008812814950943,positive,earnings,HD Earnings: EPS 4.68 vs 4.69448 expected
HD,2025-10-31 00:00:00,0.8075238466262817,positive,earnings,HD Earnings: EPS 3.74 vs 3.83395 expected
MCD,2025-03-31 00:00:00,0.7882876396179199,positive,earnings,MCD Earnings: EPS 2.67 vs 2.67058 expected
MCD,2025-06-30 00:00:00,0.7725930511951447,positive,earnings,MCD Earnings: EPS 3.19 vs 3.14621 expected
MCD,2025-09-30 00:00:00,0.7817029282450676,positive,earnings,MCD Earnings: EPS 3.22 vs 3.33195 expected
MCD,2025-12-31 00:00:00,0.7903633192181587,positive,earnings,MCD Earnings: EPS 3.12 vs 3.05223 expected
NKE,2025-02-28 00:00:00,0.7319697812199593,positive,earnings,NKE Earnings: EPS 0.54 vs 0.27711 expected
NKE,2025-05-31 00:00:00,0.6895164847373962,positive,earnings,NKE Earnings: EPS 0.14 vs 0.12337 expected
NKE,2025-08-31 00:00:00,0.719653770327568,positive,earnings,NKE Earnings: EPS 0.49 vs 0.2656 expected
NKE,2025-11-30 00:00:00,0.7014303952455521,positive,earnings,NKE Earnings: EPS 0.53 vs 0.37351 expected
SBUX,2025-03-31 00:00:00,0.722355991601944,positive,earnings,SBUX Earnings: EPS 0.41 vs 0.48368 expected
SBUX,2025-06-30 00:00:00,0.6914480924606323,positive,earnings,SBUX Earnings: EPS 0.5 vs 0.64511 expected
SBUX,2025-09-30 00:00:00,0.7287734150886536,positive,earnings,SBUX Earnings: EPS 0.52 vs 0.55621 expected
SBUX,2025-12-31 00:00:00,0.6480930298566818,positive,earnings,SBUX Earnings: EPS 0.56 vs 0.58692 expected
TGT,2025-01-31 00:00:00,0.7566826865077019,positive,earnings,TGT Earnings: EPS 2.41 vs 2.25134 expected
TGT,2025-04-30 00:00:00,0.7117620557546616,positive,earnings,TGT Earnings: EPS 1.3 vs 1.65123 expected
TGT,2025-07-31 00:00:00,0.7645701169967651,positive,earnings,TGT Earnings: EPS 2.05 vs 2.03342 expected
TGT,2025-10-31 00:00:00,0.7435120120644569,positive,earnings,TGT Earnings: EPS 1.78 vs 1.71013 expected
LOW,2025-01-31 00:00:00,-0.881330631673336,negative,earnings,LOW Earnings: EPS 1.93 vs 1.84094 expected
LOW,2025-04-30 00:00:00,-0.8899407312273979,negative,earnings,LOW Earnings: EPS 2.92 vs 2.87961 expected
LOW,2025-07-31 00:00:00,-0.8657969795167446,negative,earnings,LOW Earnings: EPS 4.33 vs 4.23777 expected
LOW,2025-10-31 00:00:00,-0.8694722540676594,negative,earnings,LOW Earnings: EPS 3.06 vs 2.9534 expected
COST,2025-02-28 00:00:00,0.7495188862085342,positive,earnings,COST Earnings: EPS 4.02 vs 4.0987 expected
COST,2025-05-31 00:00:00,0.7119059562683105,positive,earnings,COST Earnings: EPS 4.28 vs 4.22822 expected
COST,2025-08-31 00:00:00,0.7410040646791458,positive,earnings,COST Earnings: EPS 5.87 vs 5.80573 expected
COST,2025-11-30 00:00:00,0.7073777318000793,positive,earnings,COST Earnings: EPS 4.5 vs 4.27792 expected
WMT,2025-01-31 00:00:00,0.7090106010437012,positive,earnings,WMT Earnings: EPS 0.66 vs 0.6468 expected
WMT,2025-04-30 00:00:00,0.6781919002532959,positive,earnings,WMT Earnings: EPS 0.61 vs 0.57746 expected
WMT,2025-07-31 00:00:00,0.6779708564281464,positive,earnings,WMT Earnings: EPS 0.68 vs 0.73887 expected
WMT,2025-10-31 00:00:00,0.699796125292778,positive,earnings,WMT Earnings: EPS 0.62 vs 0.60128 expected
